Workbook

Sheet Ringkasan
A1: Analisis Distribusi Petugas Bencana - Revisi 5 (saran PPL & PML)
A2: Disusun 4 Okt 2026. Seluruhnya SARAN: tidak ada perubahan pada plotting yang sudah tersimpan.
A4: A. Jawaban inti
A5: PPL yang bisa dipakai dari data yang ada (rencana saran) | B5: =COUNTIF('Beban per PPL'!$H$5:$H$107,">0")-COUNTIF('Beban per PPL'!$C$5:$C$107,"Rekrut baru") -> 67 | D5: Termasuk 3 nama yang diminta (Amelia, ANIKE PUTRI, Annisa Suryani).
A6: PPL baru yang masih dibutuhkan (rekrut skema menginap) | B6: ='Kebutuhan PPL Tambahan'!$C$44 -> 32 | D6: Diambil dari petugas yang sudah daftar tapi belum diplot: 28 bernilai >= 4, sisanya nilai 3. Lihat sheet Kebutuhan PPL Tambahan dan Rencana Menginap.
A7: Total PPL jika semua rekrut bersedia menginap | B7: =B5+B6 -> 99 | D7: Target > 80 (tidak wajib) - terpenuhi.
A8: Rentang kebutuhan rekrut menurut skenario (min - maks) | B8: =MIN('Kebutuhan PPL Tambahan'!H49:H53) -> 17 | C8: =MAX('Kebutuhan PPL Tambahan'!H49:H53) -> 40 | D8: Tergantung seberapa longgar radius dan batas beban (sheet Kebutuhan PPL Tambahan, bagian bawah).
A9: PPL dari data yang ada memenuhi target > 80? | B9: =IF(B5>80,"Ya","Tidak (perlu rekrut)") -> Tidak (perlu rekrut) | D9: Total dengan rekrut tetap di atas 80; PPL yang ada saja kurang karena calon PML tidak dijadikan PPL.
A11: B. Di mana rekrut dibutuhkan
A12: Kecamatan | B12: Rekrut dibutuhkan | C12: Skor beban | D12: Nagari / Catatan
A13: JUNJUNG SIRIH | B13: ='Kebutuhan PPL Tambahan'!C41 -> 9 | C13: ='Kebutuhan PPL Tambahan'!D41 -> 1571.1 | D13: PANINGGAHAN (9 wilayah), MUARO PINGAI (4 wilayah)
A14: KUBUNG | B14: ='Kebutuhan PPL Tambahan'!C42 -> 12 | C14: ='Kebutuhan PPL Tambahan'!D42 -> 1411.7 | D14: SELAYO (12 wilayah)
A15: X KOTO SINGKARAK | B15: ='Kebutuhan PPL Tambahan'!C43 -> 11 | C15: ='Kebutuhan PPL Tambahan'!D43 -> 1895.5 | D15: SANIANG BAKA (7 wilayah), SUMANI (5 wilayah), KOTO SANI (1 wilayah)
A17: C. Skema PML (1 PML : 4 PPL, maks. 5)
A18: Jumlah klaster PML yang dibutuhkan | B18: =COUNTA('Saran PML'!$A$5:$A$26) -> 22 | D18: Total PPL dibagi 4-5 per klaster (11 klaster 5 PPL, 11 klaster 4 PPL).
A19: PML terisi dari calon PML (tetap menjadi PML) | B19: =COUNTIF('Saran PML'!$K$5:$K$26,"Calon PML") -> 21 | D19: Domisili PML <= 15 km dari pusat klaster; sheet Saran PML.
A20: PML yang harus diisi pegawai organik (diplot nanti) | B20: =COUNTIF('Saran PML'!$K$5:$K$26,"Organik") -> 1 | D20: Klaster tanpa calon PML dalam batas jarak (Lembah Gumanti). Hariston & Ilham calon PML bernama sama dgn 2 pegawai organik - mohon dicek.
A21: Calon PML yang dialihkan jadi PPL | B21: =COUNTIF('Beban per PPL'!$C$5:$C$107,"Calon PML dialihkan jadi PPL")+COUNTIF('Beban per PPL'!$C$5:$C$107,"Nama diminta admin") -> 3 | D21: Hanya 3 nama yang diminta (Amelia, ANIKE PUTRI, Annisa Suryani).
A22: Calon PML cadangan (belum terpasang) | B22: =COUNTIF('Direktori Petugas'!$D$5:$D$471,"Calon PML - cadangan") -> 5 | D22: Tidak bentrok kegiatan lain; bisa jadi PML pengganti atau PPL.
A24: D. Dampak pada keseimbangan beban PPL
A25: Indikator | B25: Existing | C25: Saran | D25: Keterangan
A26: Jumlah PPL berwilayah | B26: =COUNTIF('Beban per PPL'!$F$5:$F$107,">0") -> 62 | C26: =COUNTIF('Beban per PPL'!$H$5:$H$107,">0") -> 99 | D26: Saran sudah termasuk rekrut baru.
A27: Beban terbesar (skor) | B27: =MAX('Beban per PPL'!$G$5:$G$107) -> 515.77 | C27: =MAX('Beban per PPL'!$I$5:$I$107) -> 219.12
A28: Rata-rata beban (skor) | B28: =AVERAGEIF('Beban per PPL'!$F$5:$F$107,">0",'Beban per PPL'!$G$5:$G$107) -> 191.25065 | C28: =AVERAGEIF('Beban per PPL'!$H$5:$H$107,">0",'Beban per PPL'!$I$5:$I$107) -> 159.54596
A29: Simpangan baku beban (skor) | B29: =SQRT((SUMPRODUCT(('Beban per PPL'!$F$5:$F$107>0)*'Beban per PPL'!$G$5:$G$107^2)-COUNTIF('Beban per PPL'!$F$5:$F$107,">0")*B28^2)/(COUNTIF('Beban per PPL'!$F$5:$F$107,">0")-1)) -> 103.57997 | C29: =SQRT((SUMPRODUCT(('Beban per PPL'!$H$5:$H$107>0)*'Beban per PPL'!$I$5:$I$107^2)-COUNTIF('Beban per PPL'!$H$5:$H$107,">0")*C28^2)/(COUNTIF('Beban per PPL'!$H$5:$H$107,">0")-1)) -> 44.645466 | D29: Semakin kecil semakin merata.
A30: PPL dengan beban > maksimal | B30: =COUNTIF('Beban per PPL'!$G$5:$G$107,">"&'Parameter & Asumsi'!$B$8) -> 25 | C30: =COUNTIF('Beban per PPL'!$I$5:$I$107,">"&'Parameter & Asumsi'!$B$8) -> 0 | D30: Maksimal mengacu ke sheet Parameter & Asumsi.
A32: E. Skema menginap untuk rekrutan baru
A33: Petugas terdaftar (belum diplot) yang ditawari menginap | B33: ='Rencana Menginap'!$C$10 -> 32 | D33: Penerima tawaran per lokasi ada di sheet Rencana Menginap, lengkap dengan kolom jawaban.
A34: Lokasi kontrakan BPS yang dibutuhkan | B34: =COUNTA('Rencana Menginap'!$B$5:$B$9) -> 5 | D34: Satu kontrakan per nagari pusat wilayah (Muaro Pingai, Paninggahan, Selayo, Saniang Baka, Sumani).
A35: Cadangan (terdaftar, belum diplot, tidak terpilih) | B35: =COUNTIF('Direktori Petugas'!$D$5:$D$471,"Cadangan menginap*") -> 9 | D35: Dipakai bila ada yang menolak menginap; sebagian belum dinilai.
A37: F. Perubahan atas permintaan
A38: 1. Catatan 'sudah diplot tapi ikut kegiatan lain (SPDT NTP 2026)' diganti dengan calon lain - sheet Ganti Bentrok (Norlizah, ELSI FEBRIANI, Rona Afriyeni, DANA NOKELADIO; dua yang terakhir belum punya wilayah, disarankan cabut peran PPL).
A39: 2. Kolom 'Skor Beban PPL Saran (total)' ditambahkan di sheet Existing vs Saran, dan perbandingan lengkap per PPL di sheet Beban per PPL.
A40: 3. Amelia, ANIKE PUTRI, Annisa Suryani ditetapkan sebagai PPL (wilayah terdekat) - lihat filter Sumber 'Nama diminta admin'.
A41: 4. Nama rekrut untuk tiap slot PPL baru + alternatif ada di sheet Kebutuhan PPL Tambahan; saran klaster & PML di sheet Saran PML dan Anggota Klaster PML.
A42: 5. Revisi 5: kebutuhan rekrut kini diisi dari petugas yang sudah daftar tapi belum diplot, dengan tawaran menginap di kontrakan BPS (sheet Rencana Menginap memuat daftar penerima tawaran per lokasi, kolom jawaban, dan contoh pesan).
A43: 6. Revisi 4: PPL berbeban terlalu kecil (< 60 skor) digabung - satu PPL yang lebih dekat/layak memegang wilayah keduanya (lihat Jenis Perubahan 'Gabung' di sheet Existing vs Saran dan Catatan di Beban per PPL).
A44: 7. Catatan: angka beban Clara Amelya Hendres (48,9) dan Indri septiadi (22,5) berasal dari Revisi 2; di revisi ini beban keduanya sudah 204,5 dan 150,3 karena tidak ada lagi calon PML yang mengambil wilayahnya.
A45: 8. Revisi 3: calon PML dipertahankan sebagai PML (21 terpasang di 22 klaster + 5 cadangan); hanya 3 nama yang diminta dijadikan PPL. Konsekuensinya rekrut PPL baru naik dari 17 menjadi 32.

Sheet Kebutuhan PPL Tambahan
A1: Kebutuhan PPL Tambahan - rekrut dari petugas yang sudah daftar tapi belum diplot, dengan skema MENGINAP
A2: Slot = 1 orang PPL yang dibutuhkan agar semua Sub SLS terpegang dengan beban wajar. Kandidat utama = petugas terdaftar yang belum mendapat wilayah; ditawari menginap di kontrakan BPS di lokasi pendataan (tanpa pulang-pergi) bersama rekan PPL lain, sehingga jarak domisili tidak lagi membatasi.
A4: No | B4: Kecamatan | C4: Nagari | D4: Sub SLS yang dicakup | E4: Skor Beban Slot | F4: Kandidat Utama (ditawari menginap) | G4: ID | H4: Nilai | I4: Jarak Domisili ke Wilayah (km) | J4: Lokasi Domisili | K4: Sudah Daftar Bencana? | L4: No HP | M4: Cadangan 1 | N4: Cadangan 2 | O4: Cadangan 3 | P4: Jumlah Kandidat Terdaftar yang Layak (nilai>=4) | Q4: Lokasi Menginap (kontrakan BPS)
A5: 1 | B5: JUNJUNG SIRIH | C5: PANINGGAHAN | D5: JORONG GANDO /04 | E5: 156 | F5: Badrizal | G5: 44 | H5: 5 | I5: 48.03 | J5: Perkiraan (kecamatan) | K5: Sudah | L5: +6281275622782 | M5: Roza Novrika Sari (1.0 km, nilai None, -) | N5: Khairani Permata Wahyu (6.6 km, nilai None, -) | O5: Gustin Ekawati (20.5 km, nilai None, -) | P5: 28 | Q5: Nagari PANINGGAHAN, Kec. JUNJUNG SIRIH
A6: 2 | B6: JUNJUNG SIRIH | C6: PANINGGAHAN | D6: JORONG GANDO /03 | E6: 155.3 | F6: Julia Lara Zamzamy | G6: 99 | H6: 5 | I6: 40.12 | J6: Titik riil | K6: Sudah | L6: +6285836071436 | M6: Roza Novrika Sari (1.6 km, nilai None, -) | N6: Khairani Permata Wahyu (6.6 km, nilai None, -) | O6: Gustin Ekawati (20.2 km, nilai None, -) | P6: 28 | Q6: Nagari PANINGGAHAN, Kec. JUNJUNG SIRIH
A7: 3 | B7: JUNJUNG SIRIH | C7: PANINGGAHAN | D7: JORONG GANDO /05; JORONG PARUMAHAN /04 | E7: 218.6 | F7: Weza Deftalia | G7: 65 | H7: 4 | I7: 44.81 | J7: Titik riil | K7: Sudah | L7: +6282389879707 | M7: Roza Novrika Sari (0.1 km, nilai None, -) | N7: Khairani Permata Wahyu (7.2 km, nilai None, -) | O7: Gustin Ekawati (21.4 km, nilai None, -) | P7: 28 | Q7: Nagari PANINGGAHAN, Kec. JUNJUNG SIRIH
A8: 4 | B8: JUNJUNG SIRIH | C8: PANINGGAHAN | D8: JORONG GANDO /06 | E8: 155.1 | F8: NIA FEBRIWENI | G8: 283 | H8: 4 | I8: 59.26 | J8: Perkiraan (nagari) | K8: Sudah | L8: +6282285119219 | M8: Roza Novrika Sari (1.0 km, nilai None, -) | N8: Khairani Permata Wahyu (6.3 km, nilai None, -) | O8: Gustin Ekawati (20.5 km, nilai None, -) | P8: 28 | Q8: Nagari PANINGGAHAN, Kec. JUNJUNG SIRIH
A9: 5 | B9: JUNJUNG SIRIH | C9: MUARO PINGAI, PANINGGAHAN | D9: JORONG GUCI II /00 (porsi 2); JORONG PARUMAHAN /05 | E9: 213 | F9: Wahyu Isman Asmi | G9: 380 | H9: 5 | I9: 79.66 | J9: Titik riil | K9: Sudah | L9: +6281324102700 | M9: Roza Novrika Sari (1.1 km, nilai None, -) | N9: Khairani Permata Wahyu (6.3 km, nilai None, -) | O9: Gustin Ekawati (20.7 km, nilai None, -) | P9: 28 | Q9: Nagari MUARO PINGAI, Kec. JUNJUNG SIRIH
A10: 6 | B10: JUNJUNG SIRIH | C10: MUARO PINGAI | D10: JORONG GUCI II /00 (porsi 3) | E10: 143.2 | F10: Hafni Syamfitria | G10: 365 | H10: 5 | I10: 35.26 | J10: Titik riil | K10: Sudah | L10: +6282364860590 | M10: Roza Novrika Sari (1.9 km, nilai None, -) | N10: Khairani Permata Wahyu (5.6 km, nilai None, -) | O10: Gustin Ekawati (20.1 km, nilai None, -) | P10: 28 | Q10: Nagari MUARO PINGAI, Kec. JUNJUNG SIRIH
A11: 7 | B11: JUNJUNG SIRIH | C11: PANINGGAHAN | D11: JORONG SUBARANG /01; JORONG SUBARANG /03 | E11: 209.7 | F11: Febri Handayani | G11: 389 | H11: 4 | I11: 13.69 | J11: Perkiraan (kecamatan) | K11: Sudah | L11: +6281365092925 | M11: Roza Novrika Sari (1.9 km, nilai None, -) | N11: Khairani Permata Wahyu (9.1 km, nilai None, -) | O11: Gustin Ekawati (23.2 km, nilai None, -) | P11: 28 | Q11: Nagari PANINGGAHAN, Kec. JUNJUNG SIRIH
A12: 8 | B12: JUNJUNG SIRIH | C12: MUARO PINGAI, PANINGGAHAN | D12: JORONG PANYALAI /00 (porsi 2); JORONG SUBARANG /04 | E12: 205.5 | F12: NOVA ALIZA | G12: 153 | H12: 5 | I12: 22.41 | J12: Titik riil | K12: Sudah | L12: +6285199567959 | M12: Roza Novrika Sari (0.6 km, nilai None, -) | N12: Khairani Permata Wahyu (7.2 km, nilai None, -) | O12: Gustin Ekawati (21.6 km, nilai None, -) | P12: 28 | Q12: Nagari MUARO PINGAI, Kec. JUNJUNG SIRIH
A13: 9 | B13: JUNJUNG SIRIH | C13: MUARO PINGAI | D13: JORONG KOTO /00 (porsi 2) | E13: 114.7 | F13: Kodratur rahman | G13: 276 | H13: 3 | I13: 64.05 | J13: Titik riil | K13: Sudah | L13: +6282387374685 | M13: Roza Novrika Sari (2.4 km, nilai None, -) | N13: Khairani Permata Wahyu (5.0 km, nilai None, -) | O13: Gustin Ekawati (19.4 km, nilai None, -) | P13: 28 | Q13: Nagari MUARO PINGAI, Kec. JUNJUNG SIRIH
A14: 10 | B14: KUBUNG | C14: SELAYO | D14: JORONG SAWAH SUDUT /08 (porsi 2) | E14: 128.2 | F14: Dini Fonika Putri | G14: 255 | H14: 4 | I14: 40.77 | J14: Perkiraan (kecamatan) | K14: Sudah | L14: +6283867137737 | M14: Gustin Ekawati (2.1 km, nilai None, -) | N14: Larisa Dita Putri (2.1 km, nilai None, -) | O14: Leni Marta (2.1 km, nilai None, -) | P14: 28 | Q14: Nagari SELAYO, Kec. KUBUNG
A15: 11 | B15: KUBUNG | C15: SELAYO | D15: JORONG SAWAH SUDUT /03 (porsi 1) | E15: 120.6 | F15: Nindi Oktaviana | G15: 284 | H15: 4 | I15: 30.37 | J15: Titik riil | K15: Sudah | L15: +628976579438 | M15: Gustin Ekawati (2.1 km, nilai None, -) | N15: Larisa Dita Putri (2.1 km, nilai None, -) | O15: Leni Marta (2.1 km, nilai None, -) | P15: 28 | Q15: Nagari SELAYO, Kec. KUBUNG
A16: 12 | B16: KUBUNG | C16: SELAYO | D16: JORONG SAWAH SUDUT /03 (porsi 2) | E16: 120.6 | F16: Siti Oktavia | G16: 457 | H16: 4 | I16: 31.1 | J16: Titik riil | K16: Sudah | L16: +6283181393485 | M16: Gustin Ekawati (2.1 km, nilai None, -) | N16: Larisa Dita Putri (2.1 km, nilai None, -) | O16: Leni Marta (2.1 km, nilai None, -) | P16: 28 | Q16: Nagari SELAYO, Kec. KUBUNG
... A36: 32 | B36: X KOTO SINGKARAK | C36: SANIANG BAKA | D36: JORONG AIA ANGEK /00 | E36: 98.1 | F36: Berni desriyanti | G36: 77 | H36: 5 | I36: 25.8 | J36: Titik riil | K36: Sudah | L36: +6285374078252 | M36: Roza Novrika Sari (4.1 km, nilai None, -) | N36: Khairani Permata Wahyu (5.3 km, nilai None, -) | O36: Gustin Ekawati (17.9 km, nilai None, -) | P36: 28 | Q36: Nagari SANIANG BAKA, Kec. X KOTO SINGKARAK
B39: Ringkasan per kecamatan
B40: Kecamatan | C40: Rekrut dibutuhkan | D40: Total skor beban
B41: JUNJUNG SIRIH | C41: =COUNTIF($B$5:$B$36,B41) -> 9 | D41: =SUMIF($B$5:$B$36,B41,$E$5:$E$36) -> 1571.1
B42: KUBUNG | C42: =COUNTIF($B$5:$B$36,B42) -> 12 | D42: =SUMIF($B$5:$B$36,B42,$E$5:$E$36) -> 1411.7
B43: X KOTO SINGKARAK | C43: =COUNTIF($B$5:$B$36,B43) -> 11 | D43: =SUMIF($B$5:$B$36,B43,$E$5:$E$36) -> 1895.5
B44: Total | C44: =SUM(C41:C43) -> 32 | D44: =SUM(D41:D43) -> 4878.3
B47: Sensitivitas kebutuhan rekrut terhadap parameter (hasil simulasi ulang; skenario A = dipakai di sheet lain; semua skenario A-E sudah menggabungkan PPL berbeban terlalu kecil)
B48: Skenario | C48: Radius normal (km) | D48: Radius perluasan (km) | E48: Beban ideal/PPL (skor) | F48: Beban maks/PPL (skor) | G48: PPL terpakai dari data yg ada | H48: Rekrut baru dibutuhkan | I48: Total PPL | J48: PPL > beban maks | K48: Beban maks (skor) | L48: Calon PML jadi PPL | M48: Rekrut: Junjung Sirih | N48: Rekrut: X Koto Singkarak | O48: Rekrut: Kubung
B49: A - dasar (7/10 km, 180/220) | C49: 7 | D49: 10 | E49: 180 | F49: 220 | G49: 67 | H49: 32 | I49: =G49+H49 -> 99 | J49: 0 | K49: 219.1 | L49: 3 | M49: 9 | N49: 11 | O49: 12
B50: B - beban lebih longgar (200/250) | C50: 7 | D50: 10 | E50: 200 | F50: 250 | G50: 64 | H50: 20 | I50: =G50+H50 -> 84 | J50: 0 | K50: 249.6 | L50: 3 | M50: 8 | N50: 10 | O50: 2
B51: C - radius lebih luas (10/15 km) | C51: 10 | D51: 15 | E51: 180 | F51: 220 | G51: 72 | H51: 20 | I51: =G51+H51 -> 92 | J51: 0 | K51: 219.1 | L51: 3 | M51: 9 | N51: 9 | O51: 2
B52: D - beban lebih ringan (160/200) | C52: 7 | D52: 10 | E52: 160 | F52: 200 | G52: 66 | H52: 40 | I52: =G52+H52 -> 106 | J52: 0 | K52: 199.9 | L52: 3 | M52: 10 | N52: 16 | O52: 14
B53: E - radius luas + beban longgar | C53: 10 | D53: 15 | E53: 200 | F53: 250 | G53: 67 | H53: 17 | I53: =G53+H53 -> 84 | J53: 0 | K53: 249.5 | L53: 3 | M53: 8 | N53: 9 | O53: 0
B54: Pembanding: Revisi 2 (calon PML boleh jadi PPL, dasar A) | C54: 7 | D54: 10 | E54: 180 | F54: 220 | G54: 86 | H54: 17 | I54: =G54+H54 -> 103 | J54: 4 | K54: 248.6 | L54: 19 | M54: 8 | N54: 8 | O54: 1
B55: Pembanding: Revisi 3 (dasar A, tanpa penggabungan beban kecil) | C55: 7 | D55: 10 | E55: 180 | F55: 220 | G55: 71 | H55: 32 | I55: =G55+H55 -> 103 | J55: 0 | K55: 219.1 | L55: 3 | M55: 9 | N55: 11 | O55: 12

Sheet Rencana Menginap
A1: Rencana Tawaran Menginap - Kontrakan BPS di Lokasi Pendataan
A2: Penerima tawaran = petugas yang sudah daftar tapi belum mendapat wilayah. Kolom jawaban (biru, kuning) diisi admin. Tawaran per lokasi bisa langsung dibuat di fitur 'Tawaran Menginap' pada aplikasi (kecamatan + nagari + keterangan, pilih kandidat).
A4: Kecamatan | B4: Lokasi Kontrakan (Nagari) | C4: Jumlah PPL Menginap | D4: Total Skor Beban | E4: Laki-laki | F4: Perempuan | G4: Belum diisi | H4: Jarak Domisili Rata-rata (km) | I4: Jarak Domisili Terjauh (km) | J4: Teks Keterangan Tawaran (salin ke aplikasi)
A5: JUNJUNG SIRIH | B5: MUARO PINGAI | C5: =COUNTIF($B$15:$B$46,B5) -> 4 | D5: =SUMIF($B$15:$B$46,B5,$L$15:$L$46) -> 676.4 | E5: =COUNTIFS($B$15:$B$46,B5,$E$15:$E$46,"Laki-laki") -> 2 | F5: =COUNTIFS($B$15:$B$46,B5,$E$15:$E$46,"Perempuan") -> 2 | G5: =COUNTIFS($B$15:$B$46,B5,$E$15:$E$46,"belum diisi") -> 0 | H5: =AVERAGEIF($B$15:$B$46,B5,$I$15:$I$46) -> 50.345 | I5: 79.7 | J5: Kebutuhan PPL di Nagari MUARO PINGAI, Kec. JUNJUNG SIRIH - tawarkan skema menginap di kontrakan yang disediakan BPS Kabupaten Solok selama pendataan (10-31 Okt 2026) bersama rekan PPL lain, tanpa pulang-pergi. Jam kerja 5-7 jam per hari.
A6: JUNJUNG SIRIH | B6: PANINGGAHAN | C6: =COUNTIF($B$15:$B$46,B6) -> 5 | D6: =SUMIF($B$15:$B$46,B6,$L$15:$L$46) -> 894.7 | E6: =COUNTIFS($B$15:$B$46,B6,$E$15:$E$46,"Laki-laki") -> 1 | F6: =COUNTIFS($B$15:$B$46,B6,$E$15:$E$46,"Perempuan") -> 4 | G6: =COUNTIFS($B$15:$B$46,B6,$E$15:$E$46,"belum diisi") -> 0 | H6: =AVERAGEIF($B$15:$B$46,B6,$I$15:$I$46) -> 41.182 | I6: 59.3 | J6: Kebutuhan PPL di Nagari PANINGGAHAN, Kec. JUNJUNG SIRIH - tawarkan skema menginap di kontrakan yang disediakan BPS Kabupaten Solok selama pendataan (10-31 Okt 2026) bersama rekan PPL lain, tanpa pulang-pergi. Jam kerja 5-7 jam per hari.
A7: KUBUNG | B7: SELAYO | C7: =COUNTIF($B$15:$B$46,B7) -> 12 | D7: =SUMIF($B$15:$B$46,B7,$L$15:$L$46) -> 1411.7 | E7: =COUNTIFS($B$15:$B$46,B7,$E$15:$E$46,"Laki-laki") -> 1 | F7: =COUNTIFS($B$15:$B$46,B7,$E$15:$E$46,"Perempuan") -> 7 | G7: =COUNTIFS($B$15:$B$46,B7,$E$15:$E$46,"belum diisi") -> 4 | H7: =AVERAGEIF($B$15:$B$46,B7,$I$15:$I$46) -> 32.498333 | I7: 55.9 | J7: Kebutuhan PPL di Nagari SELAYO, Kec. KUBUNG - tawarkan skema menginap di kontrakan yang disediakan BPS Kabupaten Solok selama pendataan (10-31 Okt 2026) bersama rekan PPL lain, tanpa pulang-pergi. Jam kerja 5-7 jam per hari.
A8: X KOTO SINGKARAK | B8: SANIANG BAKA | C8: =COUNTIF($B$15:$B$46,B8) -> 7 | D8: =SUMIF($B$15:$B$46,B8,$L$15:$L$46) -> 1134.5 | E8: =COUNTIFS($B$15:$B$46,B8,$E$15:$E$46,"Laki-laki") -> 1 | F8: =COUNTIFS($B$15:$B$46,B8,$E$15:$E$46,"Perempuan") -> 6 | G8: =COUNTIFS($B$15:$B$46,B8,$E$15:$E$46,"belum diisi") -> 0 | H8: =AVERAGEIF($B$15:$B$46,B8,$I$15:$I$46) -> 35.09 | I8: 70.1 | J8: Kebutuhan PPL di Nagari SANIANG BAKA, Kec. X KOTO SINGKARAK - tawarkan skema menginap di kontrakan yang disediakan BPS Kabupaten Solok selama pendataan (10-31 Okt 2026) bersama rekan PPL lain, tanpa pulang-pergi. Jam kerja 5-7 jam per hari.
A9: X KOTO SINGKARAK | B9: SUMANI | C9: =COUNTIF($B$15:$B$46,B9) -> 4 | D9: =SUMIF($B$15:$B$46,B9,$L$15:$L$46) -> 761 | E9: =COUNTIFS($B$15:$B$46,B9,$E$15:$E$46,"Laki-laki") -> 1 | F9: =COUNTIFS($B$15:$B$46,B9,$E$15:$E$46,"Perempuan") -> 3 | G9: =COUNTIFS($B$15:$B$46,B9,$E$15:$E$46,"belum diisi") -> 0 | H9: =AVERAGEIF($B$15:$B$46,B9,$I$15:$I$46) -> 40.1175 | I9: 47.6 | J9: Kebutuhan PPL di Nagari SUMANI, Kec. X KOTO SINGKARAK - tawarkan skema menginap di kontrakan yang disediakan BPS Kabupaten Solok selama pendataan (10-31 Okt 2026) bersama rekan PPL lain, tanpa pulang-pergi. Jam kerja 5-7 jam per hari.
A10: Total | C10: =SUM(C5:C9) -> 32 | D10: =SUM(D5:D9) -> 4878.3 | E10: =SUM(E5:E9) -> 6 | F10: =SUM(F5:F9) -> 22 | G10: =SUM(G5:G9) -> 4
A13: Daftar penerima tawaran per lokasi
A14: Kecamatan Lokasi | B14: Lokasi Kontrakan (Nagari) | C14: Nama | D14: ID | E14: Jenis Kelamin | F14: Umur | G14: Bisa Motor | H14: Domisili (Kec. / Nagari) | I14: Jarak Domisili ke Lokasi (km) | J14: Nilai | K14: Wilayah yang Dipegang (Sub SLS) | L14: Skor Beban | M14: No HP | N14: Bersedia menginap? (Ya/Tidak) - isi admin | O14: Catatan jawaban - isi admin
A15: JUNJUNG SIRIH | B15: MUARO PINGAI | C15: Wahyu Isman Asmi | D15: 380 | E15: Laki-laki | F15: 29 | G15: Ya | H15: TIGO LURAH / GARABAK DATA | I15: 79.66 | J15: 5 | K15: JORONG GUCI II /00; JORONG PARUMAHAN /05 | L15: 213 | M15: +6281324102700
A16: JUNJUNG SIRIH | B16: MUARO PINGAI | C16: Hafni Syamfitria | D16: 365 | E16: Perempuan | F16: 35 | G16: Ya | H16: PAYUNG SEKAKI / AIA LUO | I16: 35.26 | J16: 5 | K16: JORONG GUCI II /00 | L16: 143.2 | M16: +6282364860590
A17: JUNJUNG SIRIH | B17: MUARO PINGAI | C17: NOVA ALIZA | D17: 153 | E17: Perempuan | F17: 24 | G17: Ya | H17: IX KOTO SUNGAI LASI / INDUDUA | I17: 22.41 | J17: 5 | K17: JORONG PANYALAI /00; JORONG SUBARANG /04 | L17: 205.5 | M17: +6285199567959
A18: JUNJUNG SIRIH | B18: MUARO PINGAI | C18: Kodratur rahman | D18: 276 | E18: Laki-laki | F18: 27 | G18: Ya | H18: LEMBAH GUMANTI / AIE DINGIN | I18: 64.05 | J18: 3 | K18: JORONG KOTO /00 | L18: 114.7 | M18: +6282387374685
A19: JUNJUNG SIRIH | B19: PANINGGAHAN | C19: Badrizal | D19: 44 | E19: Laki-laki | F19: 30 | G19: Ya | H19: DANAU KEMBAR / KAMPUANG BATU DALAM | I19: 48.03 | J19: 5 | K19: JORONG GANDO /04 | L19: 156 | M19: +6281275622782
A20: JUNJUNG SIRIH | B20: PANINGGAHAN | C20: Julia Lara Zamzamy | D20: 99 | E20: Perempuan | F20: 30 | G20: Ya | H20: GUNUNG TALANG / AIA BATUMBUAK | I20: 40.12 | J20: 5 | K20: JORONG GANDO /03 | L20: 155.3 | M20: +6285836071436
A21: JUNJUNG SIRIH | B21: PANINGGAHAN | C21: Weza Deftalia | D21: 65 | E21: Perempuan | F21: 23 | G21: Ya | H21: DANAU KEMBAR / KAMPUANG BATU DALAM | I21: 44.81 | J21: 4 | K21: JORONG GANDO /05; JORONG PARUMAHAN /04 | L21: 218.6 | M21: +6282389879707
A22: JUNJUNG SIRIH | B22: PANINGGAHAN | C22: NIA FEBRIWENI | D22: 283 | E22: Perempuan | F22: 27 | G22: Ya | H22: LEMBAH GUMANTI / AIE DINGIN | I22: 59.26 | J22: 4 | K22: JORONG GANDO /06 | L22: 155.1 | M22: +6282285119219
A23: JUNJUNG SIRIH | B23: PANINGGAHAN | C23: Febri Handayani | D23: 389 | E23: Perempuan | F23: 40 | G23: Ya | H23: X KOTO DIATAS / KUNCIA | I23: 13.69 | J23: 4 | K23: JORONG SUBARANG /01; JORONG SUBARANG /03 | L23: 209.7 | M23: +6281365092925
A24: KUBUNG | B24: SELAYO | C24: Dini Fonika Putri | D24: 255 | E24: belum diisi | G24: belum diisi | H24: LEMBAH GUMANTI / - | I24: 40.77 | J24: 4 | K24: JORONG SAWAH SUDUT /08 | L24: 128.2 | M24: +6283867137737
A25: KUBUNG | B25: SELAYO | C25: Nindi Oktaviana | D25: 284 | E25: belum diisi | G25: belum diisi | H25: LEMBAH GUMANTI / - | I25: 30.37 | J25: 4 | K25: JORONG SAWAH SUDUT /03 | L25: 120.6 | M25: +628976579438
A26: KUBUNG | B26: SELAYO | C26: Siti Oktavia | D26: 457 | E26: belum diisi | G26: belum diisi | H26: - / - | I26: 31.1 | J26: 4 | K26: JORONG SAWAH SUDUT /03 | L26: 120.6 | M26: +6283181393485
A27: KUBUNG | B27: SELAYO | C27: Sherli Handayani | D27: 60 | E27: Perempuan | F27: 34 | G27: Ya | H27: DANAU KEMBAR / KAMPUANG BATU DALAM | I27: 20.49 | J27: 5 | K27: JORONG SAWAH SUDUT /06 | L27: 119.7 | M27: +6285211620712
A28: KUBUNG | B28: SELAYO | C28: Nurul Fadila Ramadhani | D28: 138 | E28: Perempuan | F28: 20 | G28: Ya | H28: HILIRAN GUMANTI / TALANG BABUNGO | I28: 39.66 | J28: 5 | K28: JORONG GALANGGANG TANGAH /07 | L28: 118.8 | M28: +6282286059710
A29: KUBUNG | B29: SELAYO | C29: Resi Linda Putri | D29: 291 | E29: belum diisi | G29: belum diisi | H29: LEMBAH GUMANTI / - | I29: 27.03 | J29: 4 | K29: JORONG GALANGGANG TANGAH /03 | L29: 117 | M29: +6282228502224
A30: KUBUNG | B30: SELAYO | C30: Witri Nadia Devita Sari | D30: 303 | E30: Perempuan | F30: 25 | G30: Ya | H30: LEMBAH GUMANTI / SUNGAI NANAM | I30: 28.11 | J30: 4 | K30: JORONG SAWAH SUDUT /01 | L30: 117 | M30: +6285363468546
A31: KUBUNG | B31: SELAYO | C31: Syafika Amalia | D31: 357 | E31: Perempuan | F31: 25 | G31: Ya | H31: PANTAI CERMIN / SURIAN | I31: 55.57 | J31: 5 | K31: JORONG SAWAH SUDUT /01 | L31: 117 | M31: +6282286552343
A32: KUBUNG | B32: SELAYO | C32: Afdhal Rezeki | D32: 309 | E32: Laki-laki | F32: 26 | G32: Ya | H32: LEMBANG JAYA / KOTO ANAU | I32: 15 | J32: 4 | K32: JORONG SAWAH SUDUT /02 | L32: 115.8 | M32: +6282283507200
A33: KUBUNG | B33: SELAYO | C33: Iza Mutiarana | D33: 344 | E33: Perempuan | F33: 29 | G33: Ya | H33: PANTAI CERMIN / SURIAN | I33: 55.91 | J33: 5 | K33: JORONG SAWAH SUDUT /02 | L33: 115.8 | M33: +6281270419996
A34: KUBUNG | B34: SELAYO | C34: FELIA NOVELIZA | D34: 262 | E34: Perempuan | F34: 26 | G34: Ya | H34: LEMBAH GUMANTI / SALIMPEK | I34: 34.83 | J34: 4 | K34: JORONG GALANGGANG TANGAH /04 | L34: 111.2 | M34: +6282288368313
A35: KUBUNG | B35: SELAYO | C35: Nurpatri | D35: 324 | E35: Perempuan | F35: 42 | G35: Tidak | H35: LEMBANG JAYA / BATU BANYAK | I35: 11.14 | J35: 4 | K35: JORONG GALANGGANG TANGAH /08 | L35: 110 | M35: +6281378702534
A36: X KOTO SINGKARAK | B36: SANIANG BAKA | C36: Alhammah Alam 'Gina | D36: 310 | E36: Perempuan | F36: 22 | G36: Ya | H36: LEMBANG JAYA / KOTO ANAU | I36: 28.5 | J36: 4 | K36: JORONG BALAI BATINGKAH /01 | L36: 216.7 | M36: +6281261493324
A37: X KOTO SINGKARAK | B37: SANIANG BAKA | C37: Sukma Yuliandra Putri | D37: 330 | E37: Perempuan | F37: 25 | G37: Ya | H37: LEMBANG JAYA / SALAYO TANANG BUKIK SILEH | I37: 33.3 | J37: 3 | K37: JORONG BALAI BATINGKAH /03 | L37: 216.7 | M37: +6285363564871
A38: X KOTO SINGKARAK | B38: SANIANG BAKA | C38: Debi Wulandari | D38: 340 | E38: Perempuan | F38: 30 | G38: Ya | H38: PANTAI CERMIN / SURIAN | I38: 70.07 | J38: 5 | K38: JORONG BALAI PANJANG /01 | L38: 139.6 | M38: +6281267118982
A39: X KOTO SINGKARAK | B39: SANIANG BAKA | C39: Adri yoy marten | D39: 308 | E39: Laki-laki | F39: 48 | G39: Ya | H39: LEMBANG JAYA / KOTO LAWEH | I39: 29.52 | J39: 3 | K39: JORONG BALAI LALANG /01 | L39: 138.4 | M39: +6283852520866
A40: X KOTO SINGKARAK | B40: SANIANG BAKA | C40: desi warni | D40: 363 | E40: Perempuan | F40: 42 | G40: Ya | H40: PAYUNG SEKAKI / SIRUKAM | I40: 28.8 | J40: 5 | K40: JORONG BALAI LALANG /02 | L40: 137.4 | M40: +6282285033028
A41: X KOTO SINGKARAK | B41: SANIANG BAKA | C41: Velmarniati | D41: 334 | E41: Perempuan | F41: 26 | G41: Ya | H41: LEMBANG JAYA / BATU BAJANJANG | I41: 29.64 | J41: 5 | K41: JORONG BALAI PANJANG /02; JORONG LIMO NINIK /01 | L41: 187.6 | M41: +6282172061511
... A46: X KOTO SINGKARAK | B46: SUMANI | C46: WENI DESTI | D46: 382 | E46: Perempuan | F46: 22 | G46: Ya | H46: TIGO LURAH / RANGKIANG LULUIH | I46: 42.21 | J46: 4 | K46: JORONG GUCI /02; JORONG SIKUMBANG /03 | L46: 215 | M46: +6282172904394
A49: Cadangan (terdaftar, belum diplot, tidak terpilih)
A50: Nama | B50: ID | C50: Nilai | D50: Domisili (Kecamatan) | E50: Catatan
A51: Sinta Permatasari | B51: 298 | C51: 2 | D51: LEMBAH GUMANTI | E51: Nilai rendah (< 3)
A52: Yesi Miharni | B52: 41 | C52: 1 | D52: BUKIT SUNDI | E52: Nilai rendah (< 3)
A53: Gusna Reni | B53: 461 | D53: LEMBANG JAYA | E53: Belum dinilai - nilai kinerja perlu dilengkapi
A54: Gustin Ekawati | B54: 462 | D54: KUBUNG | E54: Belum dinilai - nilai kinerja perlu dilengkapi
A55: Khairani Permata Wahyu | B55: 463 | D55: X KOTO SINGKARAK | E55: Belum dinilai - nilai kinerja perlu dilengkapi
A56: Larisa Dita Putri | B56: 464 | D56: KUBUNG | E56: Belum dinilai - nilai kinerja perlu dilengkapi
A57: Leni Marta | B57: 465 | D57: KUBUNG | E57: Belum dinilai - nilai kinerja perlu dilengkapi
A58: Nofra Disman | B58: 455 | E58: Belum dinilai - nilai kinerja perlu dilengkapi
A59: Roza Novrika Sari | B59: 467 | D59: JUNJUNG SIRIH | E59: Belum dinilai - nilai kinerja perlu dilengkapi
A62: Contoh pesan penawaran (WhatsApp)
A63: Assalamu'alaikum Bapak/Ibu [Nama]. Terima kasih sudah mendaftar sebagai petugas pendataan bencana BPS Kabupaten Solok. Saat ini wilayah kerja di dekat domisili Bapak/Ibu sudah terisi, namun kami masih membutuhkan petugas di Nagari [Lokasi], Kec. [Kecamatan]. Kami menawarkan skema MENGINAP: selama pendataan (10-31 Oktober 2026) Bapak/Ibu tinggal di kontrakan yang disediakan BPS Kabupaten Solok di lokasi tersebut bersama rekan PPL lain, tanpa pulang-pergi. Jam kerja 5-7 jam per hari. Apakah Bapak/Ibu bersedia? Mohon balas Bersedia / Tidak bersedia. Terima kasih.

Sheet Saran PML
A1: Saran Klaster PML (1 PML membawahi 4 PPL, maksimal 5)
A2: 22 klaster dibentuk dari kedekatan pusat wilayah kerja PPL (boleh lintas kecamatan yang berdekatan). Calon PML TIDAK dijadikan PPL (kecuali 3 nama yang diminta), lalu dicocokkan ke klaster berdasarkan jarak domisili ke pusat klaster (<= 15 km). Klaster tanpa calon PML dekat diisi pegawai organik yang diplot nanti.
A4: Klaster | B4: Kecamatan | C4: Jumlah PPL | D4: Anggota PPL | E4: Total Beban Klaster (skor) | F4: Radius Klaster (km) | G4: Saran PML | H4: ID PML | I4: Jarak PML ke Pusat Klaster (km) | J4: Nilai PML | K4: Status PML | L4: Catatan
A5: K-01 | B5: GUNUNG TALANG | C5: 5 | D5: Diana Endang Pratiwi; FEBRIA RAMANITA; Mardiati; Sonya aldes fatma; Valina alsisri | E5: 575.3 | F5: 13.9 | G5: Ilham | H5: 458 | I5: 4.5359284 | K5: Calon PML | L5: Nama sama dgn pegawai organik (cek apakah orang yg sama); Belum konfirmasi bencana; Belum dinilai
A6: K-02 | B6: GUNUNG TALANG | C6: 5 | D6: Mustika Sari; NANDA WESTIA ADE NINGSIH; putri nasriati; Yola septya syamsi; Yulia ningsih | E6: 477.1 | F6: 1.2 | G6: Irawita | H6: 96 | I6: 3.9985986 | J6: 5 | K6: Calon PML
A7: K-03 | B7: GUNUNG TALANG | C7: 5 | D7: Ayang Syafriani; Indri septiadi; Mirvan Harvia; muhamad iqbal; Sherli Handayani * | E7: 776.2 | F7: 0.9 | G7: Inggrit yulia hastri | H7: 197 | I7: 2.3490241 | J7: 4 | K7: Calon PML
A8: K-04 | B8: JUNJUNG SIRIH | C8: 5 | D8: Alhammah Alam 'Gina *; Badrizal *; Berni desriyanti *; Julia Lara Zamzamy *; Reni Fatriani | E8: 818.1 | F8: 2.5 | G8: Leni Fatimah | H8: 430 | I8: 9.0264403 | J8: 4 | K8: Calon PML
A9: K-05 | B9: JUNJUNG SIRIH | C9: 4 | D9: Hafni Syamfitria *; Ira Wahyuni; Kodratur rahman *; ROBI ALVIAN | E9: 685.1 | F9: 0.5 | G9: Puji Putri | H9: 165 | I9: 0.45971077 | J9: 5 | K9: Calon PML
A10: K-06 | B10: JUNJUNG SIRIH | C10: 4 | D10: NIA FEBRIWENI *; Novi Endria Jhoni; Nurul vani fatia; Rini Nofsiska Sari | E10: 754.7 | F10: 0.4 | G10: usyenti | H10: 168 | I10: 0.32147349 | J10: 5 | K10: Calon PML
A11: K-07 | B11: JUNJUNG SIRIH | C11: 5 | D11: Aniza Nurzanah; Febri Handayani *; MINDA SUSANTI; NOVA ALIZA *; Weza Deftalia * | E11: 1040.4 | F11: 1.5 | G11: Budi Pernandes | H11: 159 | I11: 0.91208979 | J11: 5 | K11: Calon PML
A12: K-08 | B12: JUNJUNG SIRIH | C12: 4 | D12: Dara muhaima febriana; M. Hafizh Dinu Aulia; Rivo Nofri Armon; Wahyu Isman Asmi * | E12: 797.4 | F12: 1.4 | G12: ONDRI YANDI | H12: 396 | I12: 10.317667 | J12: 5 | K12: Calon PML
A13: K-09 | B13: KUBUNG | C13: 4 | D13: Biki Wabihamdika; Clara Amelya Hendres; PUSPITA PUTRI; Zheta Renisa Azani | E13: 728 | F13: 2.2 | G13: HANIFAH | H13: 193 | I13: 2.0383438 | J13: 4 | K13: Calon PML
A14: K-10 | B14: KUBUNG | C14: 5 | D14: ANIKE PUTRI; Defitra Yeni; Dhini oktaviani; NAILA SABATINI; nopi nofila | E14: 827.2 | F14: 1.1 | G14: MIRA ROZALINDA | H14: 205 | I14: 1.3824698 | J14: 5 | K14: Calon PML
A15: K-11 | B15: KUBUNG | C15: 5 | D15: Anggun Rahma Fajar; Elvira Okzayenti; IDORA ATIA; Nadia wati; Ranu Artysanda | E15: 679.8 | F15: 0.9 | G15: Hariston | H15: 459 | I15: 0.24438239 | K15: Calon PML | L15: Nama sama dgn pegawai organik (cek apakah orang yg sama); Belum konfirmasi bencana; Belum dinilai
A16: K-12 | B16: KUBUNG | C16: 4 | D16: Fuji erizka; Nindi Oktaviana *; Siti Oktavia *; Wirastri Widuri | E16: 512 | F16: 0.2 | G16: Widya Verawati | H16: 230 | I16: 2.9493063 | J16: 4 | K16: Calon PML | L16: Belum konfirmasi bencana
A17: K-13 | B17: KUBUNG | C17: 5 | D17: Farah Sahara; Nurpatri *; Yenni Rizka Putri; Yogi eka Putra; Yora Komala Sari | E17: 788.5 | F17: 1 | G17: Imilsi asgra varka | H17: 194 | I17: 2.4918159 | J17: 4 | K17: Calon PML
A18: K-14 | B18: KUBUNG | C18: 4 | D18: Afdhal Rezeki *; Iza Mutiarana *; Syafika Amalia *; Witri Nadia Devita Sari * | E18: 465.6 | F18: 0.1 | G18: Saputra Ebel Feri | H18: 227 | I18: 1.133961 | J18: 5 | K18: Calon PML
A19: K-15 | B19: KUBUNG | C19: 4 | D19: Asmedi Surya; Dini Fonika Putri *; Eka ramadani; Nelva Roza Oktakia | E19: 493.3 | F19: 1.5 | G19: Yurneti | H19: 241 | I19: 1.0330764 | J19: 4 | K19: Calon PML
A20: K-16 | B20: KUBUNG | C20: 5 | D20: FELIA NOVELIZA *; NILAM SITARESMI CAHYONO; Nurul Fadila Ramadhani *; Resi Linda Putri *; Sri wahyuni | E20: 582.6 | F20: 0.5 | G20: Wina Zurlaili | H20: 231 | I20: 2.3904722 | J20: 5 | K20: Calon PML
A21: K-17 | B21: LEMBAH GUMANTI | C21: 5 | D21: Elvika oktasari; Gusna Wirda; HANIFAH TURAHMI; Lara Febria Sari; Wahyuni Oktavia | E21: 717.4 | F21: 11.1 | G21: Pegawai Organik (diplot nanti) | K21: Organik | L21: Tidak ada calon PML yang tersisa dalam 15 km
A22: K-18 | B22: X KOTO SINGKARAK | C22: 4 | D22: Fikri Mardiyani; Jahar Nas; Nur Aisyah; Zahria Fitri Andini | E22: 844.7 | F22: 1.7 | G22: Indah Permata Sari | H22: 195 | I22: 7.8995721 | J22: 5 | K22: Calon PML | L22: Belum konfirmasi bencana
A23: K-19 | B23: X KOTO SINGKARAK | C23: 4 | D23: Agri renta falusia; Fahrul Ramadhani *; Filzah Asyet *; Salsa Billa Duwita Putri | E23: 756.9 | F23: 0.3 | G23: Dessy Meiyarni | H23: 422 | I23: 3.2809518 | J23: 5 | K23: Calon PML
A24: K-20 | B24: X KOTO SINGKARAK | C24: 5 | D24: Annisa Suryani; Gusma Rida *; Mira apridayanti; Sri Hati Putri; WENI DESTI * | E24: 1006.6 | F24: 0.4 | G24: ABDUL LATIF | H24: 408 | I24: 4.0761442 | J24: 4 | K24: Calon PML | L24: Belum konfirmasi bencana
A25: K-21 | B25: X KOTO SINGKARAK | C25: 4 | D25: Amelia; Bayu pratama; Debi Wulandari *; Velmarniati * | E25: 762.3 | F25: 0.8 | G25: Reza Sativa | H25: 440 | I25: 2.5656638 | J25: 4 | K25: Calon PML | L25: Belum konfirmasi bencana
A26: K-22 | B26: X KOTO SINGKARAK | C26: 4 | D26: Adri yoy marten *; desi warni *; FENNY ANDA LISTI; Sukma Yuliandra Putri * | E26: 705.9 | F26: 0.8 | G26: Rifa Amelia | H26: 441 | I26: 5.2788223 | J26: 4 | K26: Calon PML | L26: Belum konfirmasi bencana
A28: * = rekrut baru (belum dikonfirmasi). PML dari 'Calon PML' = sisa yang tidak dialihkan jadi PPL, tidak bentrok kegiatan lain, tidak red flag.

Sheet Anggota Klaster PML
A1: Anggota Klaster PML per PPL
A2: Satu baris per PPL (termasuk rekrut baru). Klaster boleh lintas kecamatan.
A4: Klaster | B4: Kecamatan | C4: Nama PPL | D4: ID | E4: Jenis | F4: Beban Saran (skor) | G4: Saran PML Klaster
A5: K-01 | B5: GUNUNG TALANG | C5: Diana Endang Pratiwi | D5: 83 | E5: PPL existing | F5: 86 | G5: Ilham
A6: K-01 | B6: GUNUNG TALANG | C6: FEBRIA RAMANITA | D6: 49 | E6: PPL existing | F6: 145.5 | G6: Ilham
A7: K-01 | B7: GUNUNG TALANG | C7: Mardiati | D7: 101 | E7: PPL existing | F7: 134.8 | G7: Ilham
A8: K-01 | B8: GUNUNG TALANG | C8: Sonya aldes fatma | D8: 122 | E8: PPL existing | F8: 127.2 | G8: Ilham
A9: K-01 | B9: GUNUNG TALANG | C9: Valina alsisri | D9: 125 | E9: PPL existing | F9: 81.8 | G9: Ilham
A10: K-02 | B10: GUNUNG TALANG | C10: Mustika Sari | D10: 106 | E10: PPL existing | F10: 69.7 | G10: Irawita
A11: K-02 | B11: GUNUNG TALANG | C11: NANDA WESTIA ADE NINGSIH | D11: 108 | E11: PPL existing | F11: 85.5 | G11: Irawita
A12: K-02 | B12: GUNUNG TALANG | C12: putri nasriati | D12: 117 | E12: PPL existing | F12: 78.8 | G12: Irawita
A13: K-02 | B13: GUNUNG TALANG | C13: Yola septya syamsi | D13: 127 | E13: PPL existing | F13: 159.7 | G13: Irawita
A14: K-02 | B14: GUNUNG TALANG | C14: Yulia ningsih | D14: 129 | E14: PPL existing | F14: 83.4 | G14: Irawita
A15: K-03 | B15: GUNUNG TALANG | C15: Ayang Syafriani | D15: 74 | E15: PPL existing | F15: 146.1 | G15: Inggrit yulia hastri
A16: K-03 | B16: GUNUNG TALANG | C16: Indri septiadi | D16: 94 | E16: PPL existing | F16: 150.3 | G16: Inggrit yulia hastri
... A103: K-22 | B103: X KOTO SINGKARAK | C103: Sukma Yuliandra Putri | D103: 330 | E103: Rekrut baru | F103: 216.7 | G103: Rifa Amelia

Sheet Existing vs Saran
A1: Existing vs Saran Plotting PPL per Sub SLS (versi 2)
A2: Hanya SARAN - plotting yang tersimpan di sistem TIDAK diubah. Sub SLS berskor sangat besar dipecah jadi beberapa porsi (kolom Porsi).
A4: ID Sub SLS | B4: Kecamatan | C4: Nagari | D4: SLS | E4: Sub SLS | F4: Jumlah KK | G4: Skor Beban Wilayah (penuh) | H4: Porsi | I4: Skor Beban Unit Ini | J4: ID PPL Existing | K4: PPL Existing | L4: Beban Wilayah Existing (skor) | M4: Jarak Existing (km) | N4: ID PPL Saran | O4: PPL Saran | P4: Sumber PPL Saran | Q4: Jarak Saran (km) | R4: Skor Beban PPL Saran (total) | S4: Jenis Perubahan | T4: Catatan
A5: 1303071002000101 | B5: DANAU KEMBAR | C5: SIMPANG TANJUANG NAN IV | D5: JORONG KAPALO DANAU BAWAH | E5: 01 | F5: 136 | G5: 21.09 | H5: 1/1 | I5: =ROUND(G5/1,2) -> 21.09 | J5: 49 | K5: FEBRIA RAMANITA | L5: =G5 -> 21.09 | M5: 1.28 | N5: 49 | O5: FEBRIA RAMANITA | P5: PPL existing | Q5: 1.2779978 | R5: =IF(N5="","",SUMIFS($I$5:$I$210,$N$5:$N$210,N5)) -> 145.52 | S5: Tetap (pertahankan)
A6: 1303071002000201 | B6: DANAU KEMBAR | C6: SIMPANG TANJUANG NAN IV | D6: JORONG KAPALO DANAU ATEH | E6: 01 | F6: 205 | G6: 35.52 | H6: 1/1 | I6: =ROUND(G6/1,2) -> 35.52 | J6: 49 | K6: FEBRIA RAMANITA | L6: =G6 -> 35.52 | M6: 0.76 | N6: 49 | O6: FEBRIA RAMANITA | P6: PPL existing | Q6: 0.75853287 | R6: =IF(N6="","",SUMIFS($I$5:$I$210,$N$5:$N$210,N6)) -> 145.52 | S6: Tetap (pertahankan)
A7: 1303071002000700 | B7: DANAU KEMBAR | C7: SIMPANG TANJUANG NAN IV | D7: JORONG TALUAK KINARI | E7: 00 | F7: 208 | G7: 34.29 | H7: 1/1 | I7: =ROUND(G7/1,2) -> 34.29 | J7: 49 | K7: FEBRIA RAMANITA | L7: =G7 -> 34.29 | M7: 3.78 | N7: 49 | O7: FEBRIA RAMANITA | P7: PPL existing | Q7: 3.7760351 | R7: =IF(N7="","",SUMIFS($I$5:$I$210,$N$5:$N$210,N7)) -> 145.52 | S7: Tetap (pertahankan)
A8: 1303071002000802 | B8: DANAU KEMBAR | C8: SIMPANG TANJUANG NAN IV | D8: JORONG TALUAK ANJALAI | E8: 02 | F8: 194 | G8: 30.8 | H8: 1/1 | I8: =ROUND(G8/1,2) -> 30.8 | J8: 49 | K8: FEBRIA RAMANITA | L8: =G8 -> 30.8 | M8: 4.84 | N8: 49 | O8: FEBRIA RAMANITA | P8: PPL existing | Q8: 4.843593 | R8: =IF(N8="","",SUMIFS($I$5:$I$210,$N$5:$N$210,N8)) -> 145.52 | S8: Tetap (pertahankan)
A9: 1303071002000901 | B9: DANAU KEMBAR | C9: SIMPANG TANJUANG NAN IV | D9: JORONG RAWANG GADANG | E9: 01 | F9: 156 | G9: 23.82 | H9: 1/1 | I9: =ROUND(G9/1,2) -> 23.82 | J9: 65 | K9: Weza Deftalia | L9: =G9 -> 23.82 | M9: 3.86 | N9: 49 | O9: FEBRIA RAMANITA | P9: PPL existing | Q9: 4.7232696 | R9: =IF(N9="","",SUMIFS($I$5:$I$210,$N$5:$N$210,N9)) -> 145.52 | S9: Gabung (beban PPL terlalu kecil) | T9: Beban Weza Deftalia terlalu kecil (23.8) -> digabung ke FEBRIA RAMANITA (total 145.5); jarak maks 4.7 km
A10: 1303080008000401 | B10: GUNUNG TALANG | C10: AIE BATUMBUAK | D10: JORONG KOTO BARUAH | E10: 01 | F10: 127 | G10: 27.47 | H10: 1/1 | I10: =ROUND(G10/1,2) -> 27.47 | J10: 99 | K10: Julia Lara Zamzamy | L10: =G10 -> 27.47 | M10: 0.21 | N10: 122 | O10: Sonya aldes fatma | P10: PPL existing | Q10: 7.7666926 | R10: =IF(N10="","",SUMIFS($I$5:$I$210,$N$5:$N$210,N10)) -> 127.15 | S10: Gabung (beban PPL terlalu kecil) | T10: Beban Julia Lara Zamzamy terlalu kecil (27.5) -> digabung ke Sonya aldes fatma (total 127.2); jarak maks 7.8 km [perluasan radius] [perluasan radius]
A11: 1303080007000104 | B11: GUNUNG TALANG | C11: BATANG BARUS | D11: JORONG KAYU ARO | E11: 04 | F11: 158 | G11: 86.03 | H11: 1/1 | I11: =ROUND(G11/1,2) -> 86.03 | J11: 83 | K11: Diana Endang Pratiwi | L11: =G11 -> 86.03 | M11: 1.27 | N11: 83 | O11: Diana Endang Pratiwi | P11: PPL existing | Q11: 1.27144 | R11: =IF(N11="","",SUMIFS($I$5:$I$210,$N$5:$N$210,N11)) -> 86.03 | S11: Tetap (pertahankan)
A12: 1303080007000108 | B12: GUNUNG TALANG | C12: BATANG BARUS | D12: JORONG KAYU ARO | E12: 08 | F12: 112 | G12: 78.82 | H12: 1/1 | I12: =ROUND(G12/1,2) -> 78.82 | J12: 117 | K12: putri nasriati | L12: =G12 -> 78.82 | M12: 0.63 | N12: 117 | O12: putri nasriati | P12: PPL existing | Q12: 0.6291584 | R12: =IF(N12="","",SUMIFS($I$5:$I$210,$N$5:$N$210,N12)) -> 78.82 | S12: Tetap (pertahankan)
A13: 1303080007000109 | B13: GUNUNG TALANG | C13: BATANG BARUS | D13: JORONG KAYU ARO | E13: 09 | F13: 142 | G13: 85.5 | H13: 1/1 | I13: =ROUND(G13/1,2) -> 85.5 | J13: 108 | K13: NANDA WESTIA ADE NINGSIH | L13: =G13 -> 85.5 | M13: 3.02 | N13: 108 | O13: NANDA WESTIA ADE NINGSIH | P13: PPL existing | Q13: 3.0159078 | R13: =IF(N13="","",SUMIFS($I$5:$I$210,$N$5:$N$210,N13)) -> 85.5 | S13: Tetap (pertahankan)
A14: 1303080007000111 | B14: GUNUNG TALANG | C14: BATANG BARUS | D14: JORONG KAYU ARO | E14: 11 | F14: 137 | G14: 83.39 | H14: 1/1 | I14: =ROUND(G14/1,2) -> 83.39 | J14: 129 | K14: Yulia ningsih | L14: =G14 -> 83.39 | M14: 1.63 | N14: 129 | O14: Yulia ningsih | P14: PPL existing | Q14: 1.6317509 | R14: =IF(N14="","",SUMIFS($I$5:$I$210,$N$5:$N$210,N14)) -> 83.39 | S14: Tetap (pertahankan)
A15: 1303080007000201 | B15: GUNUNG TALANG | C15: BATANG BARUS | D15: JORONG LUBUK SELASIH | E15: 01 | F15: 177 | G15: 27.07 | H15: 1/1 | I15: =ROUND(G15/1,2) -> 27.07 | J15: 122 | K15: Sonya aldes fatma | L15: =G15 -> 27.07 | M15: 1.61 | N15: 122 | O15: Sonya aldes fatma | P15: PPL existing | Q15: 1.6108204 | R15: =IF(N15="","",SUMIFS($I$5:$I$210,$N$5:$N$210,N15)) -> 127.15 | S15: Tetap (pertahankan)
A16: 1303080007000202 | B16: GUNUNG TALANG | C16: BATANG BARUS | D16: JORONG LUBUK SELASIH | E16: 02 | F16: 178 | G16: 48.76 | H16: 1/1 | I16: =ROUND(G16/1,2) -> 48.76 | J16: 122 | K16: Sonya aldes fatma | L16: =G16 -> 48.76 | M16: 0.33 | N16: 122 | O16: Sonya aldes fatma | P16: PPL existing | Q16: 0.33368184 | R16: =IF(N16="","",SUMIFS($I$5:$I$210,$N$5:$N$210,N16)) -> 127.15 | S16: Tetap (pertahankan)
A17: 1303080007000204 | B17: GUNUNG TALANG | C17: BATANG BARUS | D17: JORONG LUBUK SELASIH | E17: 04 | F17: 147 | G17: 23.85 | H17: 1/1 | I17: =ROUND(G17/1,2) -> 23.85 | J17: 122 | K17: Sonya aldes fatma | L17: =G17 -> 23.85 | M17: 1.35 | N17: 122 | O17: Sonya aldes fatma | P17: PPL existing | Q17: 1.3487011 | R17: =IF(N17="","",SUMIFS($I$5:$I$210,$N$5:$N$210,N17)) -> 127.15 | S17: Tetap (pertahankan)
A18: 1303080001000106 | B18: GUNUNG TALANG | C18: CUPAK | D18: JORONG SUNGAI ROTAN | E18: 06 | F18: 170 | G18: 28.09 | H18: 1/1 | I18: =ROUND(G18/1,2) -> 28.09 | J18: 107 | K18: NAILA SABATINI | L18: =G18 -> 28.09 | M18: 0.85 | N18: 107 | O18: NAILA SABATINI | P18: PPL existing | Q18: 0.85148892 | R18: =IF(N18="","",SUMIFS($I$5:$I$210,$N$5:$N$210,N18)) -> 214.82 | S18: Tetap (pertahankan)
A19: 1303080001000801 | B19: GUNUNG TALANG | C19: CUPAK | D19: JORONG SAWAH TALUAK | E19: 01 | F19: 114 | G19: 16.88 | H19: 1/1 | I19: =ROUND(G19/1,2) -> 16.88 | J19: 107 | K19: NAILA SABATINI | L19: =G19 -> 16.88 | M19: 1.49 | N19: 107 | O19: NAILA SABATINI | P19: PPL existing | Q19: 1.4863518 | R19: =IF(N19="","",SUMIFS($I$5:$I$210,$N$5:$N$210,N19)) -> 214.82 | S19: Tetap (pertahankan)
A20: 1303080001000802 | B20: GUNUNG TALANG | C20: CUPAK | D20: JORONG SAWAH TALUAK | E20: 02 | F20: 129 | G20: 19.13 | H20: 1/1 | I20: =ROUND(G20/1,2) -> 19.13 | J20: 181 | K20: Defitra Yeni | L20: =G20 -> 19.13 | M20: 1.78 | N20: 181 | O20: Defitra Yeni | P20: PPL existing | Q20: 1.778494 | R20: =IF(N20="","",SUMIFS($I$5:$I$210,$N$5:$N$210,N20)) -> 144.3 | S20: Tetap (pertahankan)
A21: 1303080001000804 | B21: GUNUNG TALANG | C21: CUPAK | D21: JORONG SAWAH TALUAK | E21: 04 | F21: 180 | G21: 26.18 | H21: 1/1 | I21: =ROUND(G21/1,2) -> 26.18 | J21: 82 | K21: Dhini oktaviani | L21: =G21 -> 26.18 | M21: 1.19 | N21: 82 | O21: Dhini oktaviani | P21: PPL existing | Q21: 1.1930319 | R21: =IF(N21="","",SUMIFS($I$5:$I$210,$N$5:$N$210,N21)) -> 185.32 | S21: Tetap (pertahankan)
A22: 1303080001000901 | B22: GUNUNG TALANG | C22: CUPAK | D22: JORONG TANGAH PADANG | E22: 01 | F22: 166 | G22: 24.64 | H22: 1/1 | I22: =ROUND(G22/1,2) -> 24.64 | J22: 78 | K22: Clara Amelya Hendres | L22: =G22 -> 24.64 | M22: 2.36 | N22: 78 | O22: Clara Amelya Hendres | P22: PPL existing | Q22: 2.3581267 | R22: =IF(N22="","",SUMIFS($I$5:$I$210,$N$5:$N$210,N22)) -> 204.54 | S22: Tetap (pertahankan)
A23: 1303080001000902 | B23: GUNUNG TALANG | C23: CUPAK | D23: JORONG TANGAH PADANG | E23: 02 | F23: 168 | G23: 24.67 | H23: 1/1 | I23: =ROUND(G23/1,2) -> 24.67 | J23: 107 | K23: NAILA SABATINI | L23: =G23 -> 24.67 | M23: 1.7 | N23: 107 | O23: NAILA SABATINI | P23: PPL existing | Q23: 1.6968043 | R23: =IF(N23="","",SUMIFS($I$5:$I$210,$N$5:$N$210,N23)) -> 214.82 | S23: Tetap (pertahankan)
A24: 1303080004000402 | B24: GUNUNG TALANG | C24: KOTO GADANG GUGUAK | D24: JORONG PASAR USANG | E24: 02 | F24: 159 | G24: 23.33 | H24: 1/1 | I24: =ROUND(G24/1,2) -> 23.33 | J24: 77 | K24: Berni desriyanti | L24: =G24 -> 23.33 | M24: 1.56 | N24: 127 | O24: Yola septya syamsi | P24: PPL existing | Q24: 1.9653207 | R24: =IF(N24="","",SUMIFS($I$5:$I$210,$N$5:$N$210,N24)) -> 159.7 | S24: Gabung (beban PPL terlalu kecil) | T24: Beban Berni desriyanti terlalu kecil (23.3) -> digabung ke Yola septya syamsi (total 159.7); jarak maks 2.0 km
A25: 1303080004000602 | B25: GUNUNG TALANG | C25: KOTO GADANG GUGUAK | D25: JORONG TALAGO | E25: 02 | F25: 113 | G25: 16.21 | H25: 1/1 | I25: =ROUND(G25/1,2) -> 16.21 | J25: 101 | K25: Mardiati | L25: =G25 -> 16.21 | M25: 0.17 | N25: 101 | O25: Mardiati | P25: PPL existing | Q25: 0.17015724 | R25: =IF(N25="","",SUMIFS($I$5:$I$210,$N$5:$N$210,N25)) -> 134.8 | S25: Tetap (pertahankan)
A26: 1303080004000702 | B26: GUNUNG TALANG | C26: KOTO GADANG GUGUAK | D26: JORONG BUKIK GOMPONG | E26: 02 | F26: 151 | G26: 81.8 | H26: 1/1 | I26: =ROUND(G26/1,2) -> 81.8 | J26: 125 | K26: Valina alsisri | L26: =G26 -> 81.8 | M26: 0.06 | N26: 125 | O26: Valina alsisri | P26: PPL existing | Q26: 0.057387969 | R26: =IF(N26="","",SUMIFS($I$5:$I$210,$N$5:$N$210,N26)) -> 81.8 | S26: Tetap (pertahankan)
A27: 1303080005000201 | B27: GUNUNG TALANG | C27: KOTO GAEK GUGUK | D27: JORONG SUKARAMI | E27: 01 | F27: 206 | G27: 69.68 | H27: 1/1 | I27: =ROUND(G27/1,2) -> 69.68 | J27: 106 | K27: Mustika Sari | L27: =G27 -> 69.68 | M27: 2.89 | N27: 106 | O27: Mustika Sari | P27: PPL existing | Q27: 2.891407 | R27: =IF(N27="","",SUMIFS($I$5:$I$210,$N$5:$N$210,N27)) -> 69.68 | S27: Tetap (pertahankan)
A28: 1303080005000202 | B28: GUNUNG TALANG | C28: KOTO GAEK GUGUK | D28: JORONG SUKARAMI | E28: 02 | F28: 207 | G28: 69.1 | H28: 1/1 | I28: =ROUND(G28/1,2) -> 69.1 | J28: 127 | K28: Yola septya syamsi | L28: =G28 -> 69.1 | M28: 1.98 | N28: 127 | O28: Yola septya syamsi | P28: PPL existing | Q28: 1.9782271 | R28: =IF(N28="","",SUMIFS($I$5:$I$210,$N$5:$N$210,N28)) -> 159.7 | S28: Tetap (pertahankan)
A29: 1303080005000203 | B29: GUNUNG TALANG | C29: KOTO GAEK GUGUK | D29: JORONG SUKARAMI | E29: 03 | F29: 128 | G29: 57.72 | H29: 1/1 | I29: =ROUND(G29/1,2) -> 57.72 | J29: 101 | K29: Mardiati | L29: =G29 -> 57.72 | M29: 1.86 | N29: 101 | O29: Mardiati | P29: PPL existing | Q29: 1.8614532 | R29: =IF(N29="","",SUMIFS($I$5:$I$210,$N$5:$N$210,N29)) -> 134.8 | S29: Tetap (pertahankan)
A30: 1303080005000204 | B30: GUNUNG TALANG | C30: KOTO GAEK GUGUK | D30: JORONG SUKARAMI | E30: 04 | F30: 156 | G30: 60.87 | H30: 1/1 | I30: =ROUND(G30/1,2) -> 60.87 | J30: 101 | K30: Mardiati | L30: =G30 -> 60.87 | M30: 0.8 | N30: 101 | O30: Mardiati | P30: PPL existing | Q30: 0.79756017 | R30: =IF(N30="","",SUMIFS($I$5:$I$210,$N$5:$N$210,N30)) -> 134.8 | S30: Tetap (pertahankan)
A31: 1303080005000205 | B31: GUNUNG TALANG | C31: KOTO GAEK GUGUK | D31: JORONG SUKARAMI | E31: 05 | F31: 195 | G31: 67.27 | H31: 1/1 | I31: =ROUND(G31/1,2) -> 67.27 | J31: 127 | K31: Yola septya syamsi | L31: =G31 -> 67.27 | M31: 1.84 | N31: 127 | O31: Yola septya syamsi | P31: PPL existing | Q31: 1.840292 | R31: =IF(N31="","",SUMIFS($I$5:$I$210,$N$5:$N$210,N31)) -> 159.7 | S31: Tetap (pertahankan)
A32: 1303080002000501 | B32: GUNUNG TALANG | C32: TALANG | D32: JORONG KOTO GADANG | E32: 01 | F32: 119 | G32: 17.75 | H32: 1/1 | I32: =ROUND(G32/1,2) -> 17.75 | J32: 111 | K32: nopi nofila | L32: =G32 -> 17.75 | M32: 1.91 | N32: 111 | O32: nopi nofila | P32: PPL existing | Q32: 1.9141889 | R32: =IF(N32="","",SUMIFS($I$5:$I$210,$N$5:$N$210,N32)) -> 145.99 | S32: Tetap (pertahankan)
A33: 1303080002000502 | B33: GUNUNG TALANG | C33: TALANG | D33: JORONG KOTO GADANG | E33: 02 | F33: 129 | G33: 18.98 | H33: 1/1 | I33: =ROUND(G33/1,2) -> 18.98 | J33: 102 | K33: Mirvan Harvia | L33: =G33 -> 18.98 | M33: 1.4 | N33: 102 | O33: Mirvan Harvia | P33: PPL existing | Q33: 1.4003182 | R33: =IF(N33="","",SUMIFS($I$5:$I$210,$N$5:$N$210,N33)) -> 146.55 | S33: Tetap (pertahankan)
A34: 1303080002000503 | B34: GUNUNG TALANG | C34: TALANG | D34: JORONG KOTO GADANG | E34: 03 | F34: 127 | G34: 18.64 | H34: 1/1 | I34: =ROUND(G34/1,2) -> 18.64 | J34: 74 | K34: Ayang Syafriani | L34: =G34 -> 18.64 | M34: 1.26 | N34: 74 | O34: Ayang Syafriani | P34: PPL existing | Q34: 1.2569748 | R34: =IF(N34="","",SUMIFS($I$5:$I$210,$N$5:$N$210,N34)) -> 146.14 | S34: Tetap (pertahankan)
A35: 1303080002000504 | B35: GUNUNG TALANG | C35: TALANG | D35: JORONG KOTO GADANG | E35: 04 | F35: 154 | G35: 22.51 | H35: 1/1 | I35: =ROUND(G35/1,2) -> 22.51 | J35: 94 | K35: Indri septiadi | L35: =G35 -> 22.51 | M35: 1.31 | N35: 94 | O35: Indri septiadi | P35: PPL existing | Q35: 1.3108044 | R35: =IF(N35="","",SUMIFS($I$5:$I$210,$N$5:$N$210,N35)) -> 150.28 | S35: Tetap (pertahankan)
A36: 1303140001000100 | B36: JUNJUNG SIRIH | C36: MUARO PINGAI | D36: JORONG KOTO | E36: 00 | F36: 218 | G36: 229.48 | H36: 1/2 | I36: =ROUND(G36/2,2) -> 114.74 | J36: 390 | K36: FENNY ANDA LISTI | L36: =G36 -> 229.48 | M36: 11.26 | N36: 390 | O36: FENNY ANDA LISTI | P36: PPL existing | Q36: 11.260293 | R36: =IF(N36="","",SUMIFS($I$5:$I$210,$N$5:$N$210,N36)) -> 213.44 | S36: Tetap (pertahankan) | T36: Tidak ada kandidat yg jauh lebih dekat/longgar dalam radius -- dipertahankan
A37: 1303140001000100 | B37: JUNJUNG SIRIH | C37: MUARO PINGAI | D37: JORONG KOTO | E37: 00 | F37: 218 | G37: 229.48 | H37: 2/2 | I37: =ROUND(G37/2,2) -> 114.74 | N37: 276 | O37: Kodratur rahman | P37: Rekrut baru | Q37: 64.052819 | R37: =IF(N37="","",SUMIFS($I$5:$I$210,$N$5:$N$210,N37)) -> 114.74 | S37: Bagi porsi (Sub SLS berat) | T37: Tidak ada kandidat existing/pool yg memenuhi radius & batas beban -> disarankan rekrut baru (lihat sheet Kebutuhan PPL Tambahan)
A38: 1303140001000201 | B38: JUNJUNG SIRIH | C38: MUARO PINGAI | D38: JORONG GUCI IV | E38: 01 | F38: 121 | G38: 139.45 | H38: 1/1 | I38: =ROUND(G38/1,2) -> 139.45 | J38: 426 | K38: Ira Wahyuni | L38: =G38 -> 139.45 | M38: 4.61 | N38: 426 | O38: Ira Wahyuni | P38: PPL existing | Q38: 4.6101183 | R38: =IF(N38="","",SUMIFS($I$5:$I$210,$N$5:$N$210,N38)) -> 214.08 | S38: Tetap (pertahankan)
A39: 1303140001000202 | B39: JUNJUNG SIRIH | C39: MUARO PINGAI | D39: JORONG GUCI IV | E39: 02 | F39: 124 | G39: 151.25 | H39: 1/1 | I39: =ROUND(G39/1,2) -> 151.25 | J39: 394 | K39: Mira apridayanti | L39: =G39 -> 151.25 | M39: 12.73 | N39: 439 | O39: Nurul vani fatia | P39: Pool (baru diplot) | Q39: 6.6085507 | R39: =IF(N39="","",SUMIFS($I$5:$I$210,$N$5:$N$210,N39)) -> 214.67 | S39: Relokasi - jarak jauh | T39: jarak 6.6 km
A40: 1303140001000300 | B40: JUNJUNG SIRIH | C40: MUARO PINGAI | D40: JORONG GUCI II | E40: 00 | F40: 177 | G40: 429.67 | H40: 1/3 | I40: =ROUND(G40/3,2) -> 143.22 | J40: 420 | K40: Dara muhaima febriana | L40: =G40 -> 429.67 | M40: 6.35 | N40: 420 | O40: Dara muhaima febriana | P40: PPL existing | Q40: 6.345646 | R40: =IF(N40="","",SUMIFS($I$5:$I$210,$N$5:$N$210,N40)) -> 198.94 | S40: Tetap (pertahankan)
A41: 1303140001000300 | B41: JUNJUNG SIRIH | C41: MUARO PINGAI | D41: JORONG GUCI II | E41: 00 | F41: 177 | G41: 429.67 | H41: 2/3 | I41: =ROUND(G41/3,2) -> 143.22 | N41: 380 | O41: Wahyu Isman Asmi | P41: Rekrut baru | Q41: 78.891106 | R41: =IF(N41="","",SUMIFS($I$5:$I$210,$N$5:$N$210,N41)) -> 213.04 | S41: Bagi porsi (Sub SLS berat) | T41: Tidak ada kandidat existing/pool yg memenuhi radius & batas beban -> disarankan rekrut baru (lihat sheet Kebutuhan PPL Tambahan)
A42: 1303140001000300 | B42: JUNJUNG SIRIH | C42: MUARO PINGAI | D42: JORONG GUCI II | E42: 00 | F42: 177 | G42: 429.67 | H42: 3/3 | I42: =ROUND(G42/3,2) -> 143.22 | N42: 365 | O42: Hafni Syamfitria | P42: Rekrut baru | Q42: 35.263661 | R42: =IF(N42="","",SUMIFS($I$5:$I$210,$N$5:$N$210,N42)) -> 143.22 | S42: Bagi porsi (Sub SLS berat) | T42: Tidak ada kandidat existing/pool yg memenuhi radius & batas beban -> disarankan rekrut baru (lihat sheet Kebutuhan PPL Tambahan)
A43: 1303140001000400 | B43: JUNJUNG SIRIH | C43: MUARO PINGAI | D43: JORONG PANYALAI | E43: 00 | F43: 94 | G43: 260.2 | H43: 1/2 | I43: =ROUND(G43/2,2) -> 130.1 | J43: 158 | K43: Aniza Nurzanah | L43: =G43 -> 260.2 | M43: 0.07 | N43: 158 | O43: Aniza Nurzanah | P43: PPL existing | Q43: 0.06658811 | R43: =IF(N43="","",SUMIFS($I$5:$I$210,$N$5:$N$210,N43)) -> 209.81 | S43: Tetap (pertahankan)
A44: 1303140001000400 | B44: JUNJUNG SIRIH | C44: MUARO PINGAI | D44: JORONG PANYALAI | E44: 00 | F44: 94 | G44: 260.2 | H44: 2/2 | I44: =ROUND(G44/2,2) -> 130.1 | N44: 153 | O44: NOVA ALIZA | P44: Rekrut baru | Q44: 20.822271 | R44: =IF(N44="","",SUMIFS($I$5:$I$210,$N$5:$N$210,N44)) -> 205.52 | S44: Bagi porsi (Sub SLS berat) | T44: Tidak ada kandidat existing/pool yg memenuhi radius & batas beban -> disarankan rekrut baru (lihat sheet Kebutuhan PPL Tambahan)
A45: 1303140001000500 | B45: JUNJUNG SIRIH | C45: MUARO PINGAI | D45: JORONG TANJUNG | E45: 00 | F45: 137 | G45: 182.06 | H45: 1/1 | I45: =ROUND(G45/1,2) -> 182.06 | J45: 167 | K45: ROBI ALVIAN | L45: =G45 -> 182.06 | M45: 0.03 | N45: 167 | O45: ROBI ALVIAN | P45: PPL existing | Q45: 0.034864602 | R45: =IF(N45="","",SUMIFS($I$5:$I$210,$N$5:$N$210,N45)) -> 213.09 | S45: Tetap (pertahankan)
A46: 1303140002000101 | B46: JUNJUNG SIRIH | C46: PANINGGAHAN | D46: JORONG GANDO | E46: 01 | F46: 120 | G46: 154.84 | H46: 1/1 | I46: =ROUND(G46/1,2) -> 154.84 | J46: 466 | K46: Rini Nofsiska Sari | L46: =G46 -> 154.84 | N46: 466 | O46: Rini Nofsiska Sari | P46: PPL existing | Q46: 1.3924128 | R46: =IF(N46="","",SUMIFS($I$5:$I$210,$N$5:$N$210,N46)) -> 219.12 | S46: Tetap (pertahankan)
A47: 1303140002000102 | B47: JUNJUNG SIRIH | C47: PANINGGAHAN | D47: JORONG GANDO | E47: 02 | F47: 129 | G47: 156.27 | H47: 1/1 | I47: =ROUND(G47/1,2) -> 156.27 | J47: 166 | K47: Reni Fatriani | L47: =G47 -> 156.27 | M47: 0.08 | N47: 166 | O47: Reni Fatriani | P47: PPL existing | Q47: 0.081735255 | R47: =IF(N47="","",SUMIFS($I$5:$I$210,$N$5:$N$210,N47)) -> 191.99 | S47: Tetap (pertahankan)
A48: 1303140002000103 | B48: JUNJUNG SIRIH | C48: PANINGGAHAN | D48: JORONG GANDO | E48: 03 | F48: 123 | G48: 155.29 | H48: 1/1 | I48: =ROUND(G48/1,2) -> 155.29 | J48: 160 | K48: ELSI FEBRIANI | L48: =G48 -> 155.29 | M48: 0.01 | N48: 99 | O48: Julia Lara Zamzamy | P48: Rekrut baru | Q48: 40.118008 | R48: =IF(N48="","",SUMIFS($I$5:$I$210,$N$5:$N$210,N48)) -> 155.29 | S48: Ganti calon (bentrok kegiatan lain) | T48: PPL existing (ELSI FEBRIANI) tercatat ikut kegiatan lain (SPDT NTP 2026) -> diganti calon lain. Tidak ada kandidat existing/pool yg memenuhi radius & batas beban -> disarankan rekrut baru (lihat sheet Kebutuhan PPL Tambahan)
A49: 1303140002000104 | B49: JUNJUNG SIRIH | C49: PANINGGAHAN | D49: JORONG GANDO | E49: 04 | F49: 121 | G49: 155.97 | H49: 1/1 | I49: =ROUND(G49/1,2) -> 155.97 | J49: 160 | K49: ELSI FEBRIANI | L49: =G49 -> 155.97 | M49: 0.61 | N49: 44 | O49: Badrizal | P49: Rekrut baru | Q49: 48.031916 | R49: =IF(N49="","",SUMIFS($I$5:$I$210,$N$5:$N$210,N49)) -> 155.97 | S49: Ganti calon (bentrok kegiatan lain) | T49: PPL existing (ELSI FEBRIANI) tercatat ikut kegiatan lain (SPDT NTP 2026) -> diganti calon lain. Tidak ada kandidat existing/pool yg memenuhi radius & batas beban -> disarankan rekrut baru (lihat sheet Kebutuhan PPL Tambahan)
A50: 1303140002000105 | B50: JUNJUNG SIRIH | C50: PANINGGAHAN | D50: JORONG GANDO | E50: 05 | F50: 122 | G50: 155.13 | H50: 1/1 | I50: =ROUND(G50/1,2) -> 155.13 | N50: 65 | O50: Weza Deftalia | P50: Rekrut baru | Q50: 44.270359 | R50: =IF(N50="","",SUMIFS($I$5:$I$210,$N$5:$N$210,N50)) -> 218.55 | S50: Isi (belum diplot) | T50: Tidak ada kandidat existing/pool yg memenuhi radius & batas beban -> disarankan rekrut baru (lihat sheet Kebutuhan PPL Tambahan)
A51: 1303140002000106 | B51: JUNJUNG SIRIH | C51: PANINGGAHAN | D51: JORONG GANDO | E51: 06 | F51: 122 | G51: 155.13 | H51: 1/1 | I51: =ROUND(G51/1,2) -> 155.13 | N51: 283 | O51: NIA FEBRIWENI | P51: Rekrut baru | Q51: 59.264631 | R51: =IF(N51="","",SUMIFS($I$5:$I$210,$N$5:$N$210,N51)) -> 155.13 | S51: Isi (belum diplot) | T51: Tidak ada kandidat existing/pool yg memenuhi radius & batas beban -> disarankan rekrut baru (lihat sheet Kebutuhan PPL Tambahan)
A52: 1303140002000107 | B52: JUNJUNG SIRIH | C52: PANINGGAHAN | D52: JORONG GANDO | E52: 07 | F52: 121 | G52: 165.81 | H52: 1/1 | I52: =ROUND(G52/1,2) -> 165.81 | J52: 437 | K52: Novi Endria Jhoni | L52: =G52 -> 165.81 | M52: 6.76 | N52: 437 | O52: Novi Endria Jhoni | P52: PPL existing | Q52: 6.75921 | R52: =IF(N52="","",SUMIFS($I$5:$I$210,$N$5:$N$210,N52)) -> 165.81 | S52: Tetap (pertahankan)
A53: 1303140002000201 | B53: JUNJUNG SIRIH | C53: PANINGGAHAN | D53: JORONG GANTING PADANG PALAK | E53: 01 | F53: 123 | G53: 18 | H53: 1/1 | I53: =ROUND(G53/1,2) -> 18 | J53: 164 | K53: MINDA SUSANTI | L53: =G53 -> 18 | M53: 1.09 | N53: 164 | O53: MINDA SUSANTI | P53: PPL existing | Q53: 1.0903704 | R53: =IF(N53="","",SUMIFS($I$5:$I$210,$N$5:$N$210,N53)) -> 196.76 | S53: Tetap (pertahankan)
A54: 1303140002000202 | B54: JUNJUNG SIRIH | C54: PANINGGAHAN | D54: JORONG GANTING PADANG PALAK | E54: 02 | F54: 122 | G54: 17.89 | H54: 1/1 | I54: =ROUND(G54/1,2) -> 17.89 | J54: 164 | K54: MINDA SUSANTI | L54: =G54 -> 17.89 | M54: 1.17 | N54: 164 | O54: MINDA SUSANTI | P54: PPL existing | Q54: 1.1671535 | R54: =IF(N54="","",SUMIFS($I$5:$I$210,$N$5:$N$210,N54)) -> 196.76 | S54: Tetap (pertahankan)
A55: 1303140002000203 | B55: JUNJUNG SIRIH | C55: PANINGGAHAN | D55: JORONG GANTING PADANG PALAK | E55: 03 | F55: 120 | G55: 17.6 | H55: 1/1 | I55: =ROUND(G55/1,2) -> 17.6 | J55: 164 | K55: MINDA SUSANTI | L55: =G55 -> 17.6 | M55: 1.16 | N55: 164 | O55: MINDA SUSANTI | P55: PPL existing | Q55: 1.1597448 | R55: =IF(N55="","",SUMIFS($I$5:$I$210,$N$5:$N$210,N55)) -> 196.76 | S55: Tetap (pertahankan)
A56: 1303140002000301 | B56: JUNJUNG SIRIH | C56: PANINGGAHAN | D56: JORONG KAMPUNG TANGAH | E56: 01 | F56: 167 | G56: 24.15 | H56: 1/1 | I56: =ROUND(G56/1,2) -> 24.15 | J56: 164 | K56: MINDA SUSANTI | L56: =G56 -> 24.15 | M56: 0.75 | N56: 164 | O56: MINDA SUSANTI | P56: PPL existing | Q56: 0.74725905 | R56: =IF(N56="","",SUMIFS($I$5:$I$210,$N$5:$N$210,N56)) -> 196.76 | S56: Tetap (pertahankan)
A57: 1303140002000302 | B57: JUNJUNG SIRIH | C57: PANINGGAHAN | D57: JORONG KAMPUNG TANGAH | E57: 02 | F57: 121 | G57: 17.86 | H57: 1/1 | I57: =ROUND(G57/1,2) -> 17.86 | J57: 166 | K57: Reni Fatriani | L57: =G57 -> 17.86 | M57: 1.46 | N57: 166 | O57: Reni Fatriani | P57: PPL existing | Q57: 1.4636266 | R57: =IF(N57="","",SUMIFS($I$5:$I$210,$N$5:$N$210,N57)) -> 191.99 | S57: Tetap (pertahankan)
A58: 1303140002000303 | B58: JUNJUNG SIRIH | C58: PANINGGAHAN | D58: JORONG KAMPUNG TANGAH | E58: 03 | F58: 121 | G58: 17.86 | H58: 1/1 | I58: =ROUND(G58/1,2) -> 17.86 | J58: 166 | K58: Reni Fatriani | L58: =G58 -> 17.86 | M58: 1.45 | N58: 166 | O58: Reni Fatriani | P58: PPL existing | Q58: 1.4515305 | R58: =IF(N58="","",SUMIFS($I$5:$I$210,$N$5:$N$210,N58)) -> 191.99 | S58: Tetap (pertahankan)
A59: 1303140002000304 | B59: JUNJUNG SIRIH | C59: PANINGGAHAN | D59: JORONG KAMPUNG TANGAH | E59: 04 | F59: 176 | G59: 34.69 | H59: 1/1 | I59: =ROUND(G59/1,2) -> 34.69 | J59: 190 | K59: Fuji erizka | L59: =G59 -> 34.69 | M59: 23.91 | N59: 426 | O59: Ira Wahyuni | P59: PPL existing | Q59: 6.2112057 | R59: =IF(N59="","",SUMIFS($I$5:$I$210,$N$5:$N$210,N59)) -> 214.08 | S59: Relokasi - jarak jauh | T59: jarak 6.2 km
A60: 1303140002000305 | B60: JUNJUNG SIRIH | C60: PANINGGAHAN | D60: JORONG KAMPUNG TANGAH | E60: 05 | F60: 188 | G60: 27.28 | H60: 1/1 | I60: =ROUND(G60/1,2) -> 27.28 | J60: 164 | K60: MINDA SUSANTI | L60: =G60 -> 27.28 | M60: 1.07 | N60: 164 | O60: MINDA SUSANTI | P60: PPL existing | Q60: 1.0662909 | R60: =IF(N60="","",SUMIFS($I$5:$I$210,$N$5:$N$210,N60)) -> 196.76 | S60: Tetap (pertahankan)
A61: 1303140002000306 | B61: JUNJUNG SIRIH | C61: PANINGGAHAN | D61: JORONG KAMPUNG TANGAH | E61: 06 | F61: 150 | G61: 21.85 | H61: 1/1 | I61: =ROUND(G61/1,2) -> 21.85 | J61: 164 | K61: MINDA SUSANTI | L61: =G61 -> 21.85 | M61: 1.07 | N61: 164 | O61: MINDA SUSANTI | P61: PPL existing | Q61: 1.0662909 | R61: =IF(N61="","",SUMIFS($I$5:$I$210,$N$5:$N$210,N61)) -> 196.76 | S61: Tetap (pertahankan)
A62: 1303140002000401 | B62: JUNJUNG SIRIH | C62: PANINGGAHAN | D62: JORONG KOTO BARU TAMBAK | E62: 01 | F62: 120 | G62: 17.3 | H62: 1/1 | I62: =ROUND(G62/1,2) -> 17.3 | J62: 164 | K62: MINDA SUSANTI | L62: =G62 -> 17.3 | M62: 0.39 | N62: 164 | O62: MINDA SUSANTI | P62: PPL existing | Q62: 0.3930593 | R62: =IF(N62="","",SUMIFS($I$5:$I$210,$N$5:$N$210,N62)) -> 196.76 | S62: Tetap (pertahankan)
A63: 1303140002000402 | B63: JUNJUNG SIRIH | C63: PANINGGAHAN | D63: JORONG KOTO BARU TAMBAK | E63: 02 | F63: 122 | G63: 17.72 | H63: 1/1 | I63: =ROUND(G63/1,2) -> 17.72 | J63: 164 | K63: MINDA SUSANTI | L63: =G63 -> 17.72 | M63: 0.75 | N63: 164 | O63: MINDA SUSANTI | P63: PPL existing | Q63: 0.74764031 | R63: =IF(N63="","",SUMIFS($I$5:$I$210,$N$5:$N$210,N63)) -> 196.76 | S63: Tetap (pertahankan)
A64: 1303140002000403 | B64: JUNJUNG SIRIH | C64: PANINGGAHAN | D64: JORONG KOTO BARU TAMBAK | E64: 03 | F64: 122 | G64: 17.6 | H64: 1/1 | I64: =ROUND(G64/1,2) -> 17.6 | J64: 164 | K64: MINDA SUSANTI | L64: =G64 -> 17.6 | M64: 0.44 | N64: 164 | O64: MINDA SUSANTI | P64: PPL existing | Q64: 0.43622817 | R64: =IF(N64="","",SUMIFS($I$5:$I$210,$N$5:$N$210,N64)) -> 196.76 | S64: Tetap (pertahankan)
A65: 1303140002000404 | B65: JUNJUNG SIRIH | C65: PANINGGAHAN | D65: JORONG KOTO BARU TAMBAK | E65: 04 | F65: 120 | G65: 17.37 | H65: 1/1 | I65: =ROUND(G65/1,2) -> 17.37 | J65: 164 | K65: MINDA SUSANTI | L65: =G65 -> 17.37 | M65: 0.58 | N65: 164 | O65: MINDA SUSANTI | P65: PPL existing | Q65: 0.5762667 | R65: =IF(N65="","",SUMIFS($I$5:$I$210,$N$5:$N$210,N65)) -> 196.76 | S65: Tetap (pertahankan)
A66: 1303140002000501 | B66: JUNJUNG SIRIH | C66: PANINGGAHAN | D66: JORONG PARUMAHAN | E66: 01 | F66: 121 | G66: 69.32 | H66: 1/1 | I66: =ROUND(G66/1,2) -> 69.32 | J66: 432 | K66: M. Hafizh Dinu Aulia | L66: =G66 -> 69.32 | M66: 7.19 | N66: 432 | O66: M. Hafizh Dinu Aulia | P66: PPL existing | Q66: 7.1911289 | R66: =IF(N66="","",SUMIFS($I$5:$I$210,$N$5:$N$210,N66)) -> 181.65 | S66: Tetap (pertahankan) | T66: Tidak ada kandidat yg jauh lebih dekat/longgar dalam radius -- dipertahankan
A67: 1303140002000502 | B67: JUNJUNG SIRIH | C67: PANINGGAHAN | D67: JORONG PARUMAHAN | E67: 02 | F67: 120 | G67: 63.42 | H67: 1/1 | I67: =ROUND(G67/1,2) -> 63.42 | N67: 439 | O67: Nurul vani fatia | P67: Pool (baru diplot) | Q67: 7.488405 | R67: =IF(N67="","",SUMIFS($I$5:$I$210,$N$5:$N$210,N67)) -> 214.67 | S67: Isi (belum diplot) | T67: jarak 7.5 km [perluasan radius]
A68: 1303140002000503 | B68: JUNJUNG SIRIH | C68: PANINGGAHAN | D68: JORONG PARUMAHAN | E68: 03 | F68: 126 | G68: 64.28 | H68: 1/1 | I68: =ROUND(G68/1,2) -> 64.28 | N68: 466 | O68: Rini Nofsiska Sari | P68: PPL existing | Q68: 0.83302502 | R68: =IF(N68="","",SUMIFS($I$5:$I$210,$N$5:$N$210,N68)) -> 219.12 | S68: Isi (belum diplot) | T68: jarak 0.8 km
A69: 1303140002000504 | B69: JUNJUNG SIRIH | C69: PANINGGAHAN | D69: JORONG PARUMAHAN | E69: 04 | F69: 120 | G69: 63.42 | H69: 1/1 | I69: =ROUND(G69/1,2) -> 63.42 | N69: 65 | O69: Weza Deftalia | P69: Rekrut baru | Q69: 46.130251 | R69: =IF(N69="","",SUMIFS($I$5:$I$210,$N$5:$N$210,N69)) -> 218.55 | S69: Isi (belum diplot) | T69: Tidak ada kandidat existing/pool yg memenuhi radius & batas beban -> disarankan rekrut baru (lihat sheet Kebutuhan PPL Tambahan)
A70: 1303140002000505 | B70: JUNJUNG SIRIH | C70: PANINGGAHAN | D70: JORONG PARUMAHAN | E70: 05 | F70: 126 | G70: 69.82 | H70: 1/1 | I70: =ROUND(G70/1,2) -> 69.82 | J70: 437 | K70: Novi Endria Jhoni | L70: =G70 -> 69.82 | M70: 6.93 | N70: 380 | O70: Wahyu Isman Asmi | P70: Rekrut baru | Q70: 81.24801 | R70: =IF(N70="","",SUMIFS($I$5:$I$210,$N$5:$N$210,N70)) -> 213.04 | S70: Relokasi - beban berlebih | T70: Tidak ada kandidat existing/pool yg memenuhi radius & batas beban -> disarankan rekrut baru (lihat sheet Kebutuhan PPL Tambahan)
A71: 1303140002000601 | B71: JUNJUNG SIRIH | C71: PANINGGAHAN | D71: JORONG SUBARANG | E71: 01 | F71: 127 | G71: 133.86 | H71: 1/1 | I71: =ROUND(G71/1,2) -> 133.86 | N71: 389 | O71: Febri Handayani | P71: Rekrut baru | R71: =IF(N71="","",SUMIFS($I$5:$I$210,$N$5:$N$210,N71)) -> 209.71 | S71: Isi (belum diplot) | T71: Tidak ada kandidat existing/pool yg memenuhi radius & batas beban -> disarankan rekrut baru (lihat sheet Kebutuhan PPL Tambahan)
A72: 1303140002000602 | B72: JUNJUNG SIRIH | C72: PANINGGAHAN | D72: JORONG SUBARANG | E72: 02 | F72: 123 | G72: 75.42 | H72: 1/1 | I72: =ROUND(G72/1,2) -> 75.42 | N72: 442 | O72: Rivo Nofri Armon | P72: PPL existing | Q72: 6.9709298 | R72: =IF(N72="","",SUMIFS($I$5:$I$210,$N$5:$N$210,N72)) -> 203.88 | S72: Isi (belum diplot) | T72: jarak 7.0 km
A73: 1303140002000603 | B73: JUNJUNG SIRIH | C73: PANINGGAHAN | D73: JORONG SUBARANG | E73: 03 | F73: 126 | G73: 75.85 | H73: 1/1 | I73: =ROUND(G73/1,2) -> 75.85 | N73: 389 | O73: Febri Handayani | P73: Rekrut baru | R73: =IF(N73="","",SUMIFS($I$5:$I$210,$N$5:$N$210,N73)) -> 209.71 | S73: Isi (belum diplot) | T73: Tidak ada kandidat existing/pool yg memenuhi radius & batas beban -> disarankan rekrut baru (lihat sheet Kebutuhan PPL Tambahan)
A74: 1303140002000604 | B74: JUNJUNG SIRIH | C74: PANINGGAHAN | D74: JORONG SUBARANG | E74: 04 | F74: 123 | G74: 75.42 | H74: 1/1 | I74: =ROUND(G74/1,2) -> 75.42 | N74: 153 | O74: NOVA ALIZA | P74: Rekrut baru | Q74: 25.18625 | R74: =IF(N74="","",SUMIFS($I$5:$I$210,$N$5:$N$210,N74)) -> 205.52 | S74: Isi (belum diplot) | T74: Tidak ada kandidat existing/pool yg memenuhi radius & batas beban -> disarankan rekrut baru (lihat sheet Kebutuhan PPL Tambahan)
A75: 1303140002000605 | B75: JUNJUNG SIRIH | C75: PANINGGAHAN | D75: JORONG SUBARANG | E75: 05 | F75: 153 | G75: 79.71 | H75: 1/1 | I75: =ROUND(G75/1,2) -> 79.71 | N75: 158 | O75: Aniza Nurzanah | P75: PPL existing | Q75: 3.3949826 | R75: =IF(N75="","",SUMIFS($I$5:$I$210,$N$5:$N$210,N75)) -> 209.81 | S75: Isi (belum diplot) | T75: jarak 3.4 km
A76: 1303110005000101 | B76: KUBUNG | C76: GANTUANG CIRI | D76: JORONG BARINGIN | E76: 01 | F76: 152 | G76: 21.79 | H76: 1/1 | I76: =ROUND(G76/1,2) -> 21.79 | J76: 179 | K76: Biki Wabihamdika | L76: =G76 -> 21.79 | M76: 0.19 | N76: 179 | O76: Biki Wabihamdika | P76: PPL existing | Q76: 0.1891354 | R76: =IF(N76="","",SUMIFS($I$5:$I$210,$N$5:$N$210,N76)) -> 151.94 | S76: Tetap (pertahankan)
A77: 1303110005000102 | B77: KUBUNG | C77: GANTUANG CIRI | D77: JORONG BARINGIN | E77: 02 | F77: 136 | G77: 20.62 | H77: 1/1 | I77: =ROUND(G77/1,2) -> 20.62 | J77: 82 | K77: Dhini oktaviani | L77: =G77 -> 20.62 | M77: 2.99 | N77: 82 | O77: Dhini oktaviani | P77: PPL existing | Q77: 2.9890185 | R77: =IF(N77="","",SUMIFS($I$5:$I$210,$N$5:$N$210,N77)) -> 185.32 | S77: Tetap (pertahankan)
A78: 1303110005000103 | B78: KUBUNG | C78: GANTUANG CIRI | D78: JORONG BARINGIN | E78: 03 | F78: 136 | G78: 19.55 | H78: 1/1 | I78: =ROUND(G78/1,2) -> 19.55 | J78: 179 | K78: Biki Wabihamdika | L78: =G78 -> 19.55 | M78: 0.32 | N78: 179 | O78: Biki Wabihamdika | P78: PPL existing | Q78: 0.31620796 | R78: =IF(N78="","",SUMIFS($I$5:$I$210,$N$5:$N$210,N78)) -> 151.94 | S78: Tetap (pertahankan)
A79: 1303110005000201 | B79: KUBUNG | C79: GANTUANG CIRI | D79: JORONG MARKIYO | E79: 01 | F79: 160 | G79: 23.03 | H79: 1/1 | I79: =ROUND(G79/1,2) -> 23.03 | J79: 179 | K79: Biki Wabihamdika | L79: =G79 -> 23.03 | M79: 0.45 | N79: 179 | O79: Biki Wabihamdika | P79: PPL existing | Q79: 0.45252016 | R79: =IF(N79="","",SUMIFS($I$5:$I$210,$N$5:$N$210,N79)) -> 151.94 | S79: Tetap (pertahankan)
A80: 1303110005000202 | B80: KUBUNG | C80: GANTUANG CIRI | D80: JORONG MARKIYO | E80: 02 | F80: 133 | G80: 19.13 | H80: 1/1 | I80: =ROUND(G80/1,2) -> 19.13 | J80: 179 | K80: Biki Wabihamdika | L80: =G80 -> 19.13 | M80: 0.36 | N80: 179 | O80: Biki Wabihamdika | P80: PPL existing | Q80: 0.3596219 | R80: =IF(N80="","",SUMIFS($I$5:$I$210,$N$5:$N$210,N80)) -> 151.94 | S80: Tetap (pertahankan)
A81: 1303110005000203 | B81: KUBUNG | C81: GANTUANG CIRI | D81: JORONG MARKIYO | E81: 03 | F81: 141 | G81: 20.23 | H81: 1/1 | I81: =ROUND(G81/1,2) -> 20.23 | J81: 179 | K81: Biki Wabihamdika | L81: =G81 -> 20.23 | M81: 0.25 | N81: 179 | O81: Biki Wabihamdika | P81: PPL existing | Q81: 0.25120721 | R81: =IF(N81="","",SUMIFS($I$5:$I$210,$N$5:$N$210,N81)) -> 151.94 | S81: Tetap (pertahankan)
A82: 1303110005000301 | B82: KUBUNG | C82: GANTUANG CIRI | D82: JORONG KAPALO KOTO | E82: 01 | F82: 159 | G82: 24.29 | H82: 1/1 | I82: =ROUND(G82/1,2) -> 24.29 | J82: 78 | K82: Clara Amelya Hendres | L82: =G82 -> 24.29 | M82: 3.95 | N82: 78 | O82: Clara Amelya Hendres | P82: PPL existing | Q82: 3.9488879 | R82: =IF(N82="","",SUMIFS($I$5:$I$210,$N$5:$N$210,N82)) -> 204.54 | S82: Tetap (pertahankan)
A83: 1303110005000302 | B83: KUBUNG | C83: GANTUANG CIRI | D83: JORONG KAPALO KOTO | E83: 02 | F83: 149 | G83: 22.45 | H83: 1/1 | I83: =ROUND(G83/1,2) -> 22.45 | J83: 181 | K83: Defitra Yeni | L83: =G83 -> 22.45 | M83: 2.93 | N83: 181 | O83: Defitra Yeni | P83: PPL existing | Q83: 2.925518 | R83: =IF(N83="","",SUMIFS($I$5:$I$210,$N$5:$N$210,N83)) -> 144.3 | S83: Tetap (pertahankan)
A84: 1303110005000303 | B84: KUBUNG | C84: GANTUANG CIRI | D84: JORONG KAPALO KOTO | E84: 03 | F84: 121 | G84: 17.52 | H84: 1/1 | I84: =ROUND(G84/1,2) -> 17.52 | J84: 179 | K84: Biki Wabihamdika | L84: =G84 -> 17.52 | M84: 0.61 | N84: 179 | O84: Biki Wabihamdika | P84: PPL existing | Q84: 0.61039989 | R84: =IF(N84="","",SUMIFS($I$5:$I$210,$N$5:$N$210,N84)) -> 151.94 | S84: Tetap (pertahankan)
A85: 1303110005000401 | B85: KUBUNG | C85: GANTUANG CIRI | D85: JORONG PINANG SINAWA | E85: 01 | F85: 146 | G85: 21.53 | H85: 1/1 | I85: =ROUND(G85/1,2) -> 21.53 | J85: 130 | K85: Zheta Renisa Azani | L85: =G85 -> 21.53 | M85: 1.69 | N85: 130 | O85: Zheta Renisa Azani | P85: PPL existing | Q85: 1.6920109 | R85: =IF(N85="","",SUMIFS($I$5:$I$210,$N$5:$N$210,N85)) -> 216.04 | S85: Tetap (pertahankan)
A86: 1303110005000402 | B86: KUBUNG | C86: GANTUANG CIRI | D86: JORONG PINANG SINAWA | E86: 02 | F86: 114 | G86: 17.1 | H86: 1/1 | I86: =ROUND(G86/1,2) -> 17.1 | J86: 130 | K86: Zheta Renisa Azani | L86: =G86 -> 17.1 | M86: 2.04 | N86: 130 | O86: Zheta Renisa Azani | P86: PPL existing | Q86: 2.0407336 | R86: =IF(N86="","",SUMIFS($I$5:$I$210,$N$5:$N$210,N86)) -> 216.04 | S86: Tetap (pertahankan)
A87: 1303110005000501 | B87: KUBUNG | C87: GANTUANG CIRI | D87: JORONG KAMPUNG BARU | E87: 01 | F87: 136 | G87: 21.8 | H87: 1/1 | I87: =ROUND(G87/1,2) -> 21.8 | J87: 130 | K87: Zheta Renisa Azani | L87: =G87 -> 21.8 | M87: 5.95 | N87: 130 | O87: Zheta Renisa Azani | P87: PPL existing | Q87: 5.9549659 | R87: =IF(N87="","",SUMIFS($I$5:$I$210,$N$5:$N$210,N87)) -> 216.04 | S87: Tetap (pertahankan)
... A90: 1303110008000101 | B90: KUBUNG | C90: KOTO BARU | D90: JORONG SIMPANG | E90: 01 | F90: 184 | G90: 110.53 | H90: 1/1 | I90: =ROUND(G90/1,2) -> 110.53 | J90: 174 | K90: Anggun Rahma Fajar | L90: =G90 -> 110.53 | M90: 2.71 | N90: 174 | O90: Anggun Rahma Fajar | P90: PPL existing | Q90: 2.7068768 | R90: =IF(N90="","",SUMIFS($I$5:$I$210,$N$5:$N$210,N90)) -> 166.26 | S90: Tetap (pertahankan)
A91: 1303110008000102 | B91: KUBUNG | C91: KOTO BARU | D91: JORONG SIMPANG | E91: 02 | F91: 196 | G91: 102.17 | H91: 1/1 | I91: =ROUND(G91/1,2) -> 102.17 | J91: 31 | K91: Nadia wati | L91: =G91 -> 102.17 | M91: 3.96 | N91: 240 | O91: Yora Komala Sari | P91: PPL existing | Q91: 2.0602971 | R91: =IF(N91="","",SUMIFS($I$5:$I$210,$N$5:$N$210,N91)) -> 217.56 | S91: Relokasi - beban berlebih | T91: jarak 2.1 km
A92: 1303110008000103 | B92: KUBUNG | C92: KOTO BARU | D92: JORONG SIMPANG | E92: 03 | F92: 188 | G92: 105.26 | H92: 1/1 | I92: =ROUND(G92/1,2) -> 105.26 | J92: 22 | K92: Elvira Okzayenti | L92: =G92 -> 105.26 | M92: 3.31 | N92: 22 | O92: Elvira Okzayenti | P92: PPL existing | Q92: 3.3126322 | R92: =IF(N92="","",SUMIFS($I$5:$I$210,$N$5:$N$210,N92)) -> 105.26 | S92: Tetap (pertahankan)
A93: 1303110008000104 | B93: KUBUNG | C93: KOTO BARU | D93: JORONG SIMPANG | E93: 04 | F93: 148 | G93: 85.84 | H93: 1/1 | I93: =ROUND(G93/1,2) -> 85.84 | J93: 27 | K93: muhamad iqbal | L93: =G93 -> 85.84 | M93: 6.85 | N93: 27 | O93: muhamad iqbal | P93: PPL existing | Q93: 6.8493312 | R93: =IF(N93="","",SUMIFS($I$5:$I$210,$N$5:$N$210,N93)) -> 213.61 | S93: Tetap (pertahankan)
A94: 1303110008000105 | B94: KUBUNG | C94: KOTO BARU | D94: JORONG SIMPANG | E94: 05 | F94: 144 | G94: 99.39 | H94: 1/1 | I94: =ROUND(G94/1,2) -> 99.39 | J94: 31 | K94: Nadia wati | L94: =G94 -> 99.39 | M94: 3.65 | N94: 31 | O94: Nadia wati | P94: PPL existing | Q94: 3.6453833 | R94: =IF(N94="","",SUMIFS($I$5:$I$210,$N$5:$N$210,N94)) -> 124.26 | S94: Tetap (pertahankan)
A95: 1303110008000106 | B95: KUBUNG | C95: KOTO BARU | D95: JORONG SIMPANG | E95: 06 | F95: 191 | G95: 154.27 | H95: 1/1 | I95: =ROUND(G95/1,2) -> 154.27 | J95: 27 | K95: muhamad iqbal | L95: =G95 -> 154.27 | M95: 7.05 | N95: 319 | O95: IDORA ATIA | P95: Pool (baru diplot) | Q95: 6.5274443 | R95: =IF(N95="","",SUMIFS($I$5:$I$210,$N$5:$N$210,N95)) -> 154.27 | S95: Relokasi - beban berlebih | T95: jarak 6.5 km
A96: 1303110008000201 | B96: KUBUNG | C96: KOTO BARU | D96: JORONG LUBUAK AGUANG | E96: 01 | F96: 126 | G96: 66.46 | H96: 1/1 | I96: =ROUND(G96/1,2) -> 66.46 | J96: 185 | K96: Farah Sahara | L96: =G96 -> 66.46 | M96: 2.72 | N96: 185 | O96: Farah Sahara | P96: PPL existing | Q96: 2.7186079 | R96: =IF(N96="","",SUMIFS($I$5:$I$210,$N$5:$N$210,N96)) -> 138.59 | S96: Tetap (pertahankan)
A97: 1303110008000202 | B97: KUBUNG | C97: KOTO BARU | D97: JORONG LUBUAK AGUANG | E97: 02 | F97: 115 | G97: 72.13 | H97: 1/1 | I97: =ROUND(G97/1,2) -> 72.13 | J97: 185 | K97: Farah Sahara | L97: =G97 -> 72.13 | M97: 2.12 | N97: 185 | O97: Farah Sahara | P97: PPL existing | Q97: 2.1160072 | R97: =IF(N97="","",SUMIFS($I$5:$I$210,$N$5:$N$210,N97)) -> 138.59 | S97: Tetap (pertahankan)
A98: 1303110008000203 | B98: KUBUNG | C98: KOTO BARU | D98: JORONG LUBUAK AGUANG | E98: 03 | F98: 132 | G98: 93.91 | H98: 1/1 | I98: =ROUND(G98/1,2) -> 93.91 | J98: 238 | K98: Yogi eka Putra | L98: =G98 -> 93.91 | M98: 5.63 | N98: 238 | O98: Yogi eka Putra | P98: PPL existing | Q98: 5.6327223 | R98: =IF(N98="","",SUMIFS($I$5:$I$210,$N$5:$N$210,N98)) -> 209.45 | S98: Tetap (pertahankan)
A99: 1303110008000501 | B99: KUBUNG | C99: KOTO BARU | D99: JORONG KAJAI | E99: 01 | F99: 159 | G99: 26.68 | H99: 1/1 | I99: =ROUND(G99/1,2) -> 26.68 | J99: 219 | K99: Ranu Artysanda | L99: =G99 -> 26.68 | M99: 0.52 | N99: 219 | O99: Ranu Artysanda | P99: PPL existing | Q99: 0.52188279 | R99: =IF(N99="","",SUMIFS($I$5:$I$210,$N$5:$N$210,N99)) -> 129.58 | S99: Tetap (pertahankan)
A100: 1303110008000502 | B100: KUBUNG | C100: KOTO BARU | D100: JORONG KAJAI | E100: 02 | F100: 165 | G100: 27.41 | H100: 1/1 | I100: =ROUND(G100/1,2) -> 27.41 | J100: 219 | K100: Ranu Artysanda | L100: =G100 -> 27.41 | M100: 0.22 | N100: 219 | O100: Ranu Artysanda | P100: PPL existing | Q100: 0.2200916 | R100: =IF(N100="","",SUMIFS($I$5:$I$210,$N$5:$N$210,N100)) -> 129.58 | S100: Tetap (pertahankan)
A101: 1303110008000503 | B101: KUBUNG | C101: KOTO BARU | D101: JORONG KAJAI | E101: 03 | F101: 146 | G101: 24.63 | H101: 1/1 | I101: =ROUND(G101/1,2) -> 24.63 | J101: 219 | K101: Ranu Artysanda | L101: =G101 -> 24.63 | M101: 0.05 | N101: 219 | O101: Ranu Artysanda | P101: PPL existing | Q101: 0.050013811 | R101: =IF(N101="","",SUMIFS($I$5:$I$210,$N$5:$N$210,N101)) -> 129.58 | S101: Tetap (pertahankan)
A102: 1303110008000504 | B102: KUBUNG | C102: KOTO BARU | D102: JORONG KAJAI | E102: 04 | F102: 167 | G102: 27.91 | H102: 1/1 | I102: =ROUND(G102/1,2) -> 27.91 | J102: 219 | K102: Ranu Artysanda | L102: =G102 -> 27.91 | M102: 0.74 | N102: 219 | O102: Ranu Artysanda | P102: PPL existing | Q102: 0.74217849 | R102: =IF(N102="","",SUMIFS($I$5:$I$210,$N$5:$N$210,N102)) -> 129.58 | S102: Tetap (pertahankan)
A103: 1303110008000505 | B103: KUBUNG | C103: KOTO BARU | D103: JORONG KAJAI | E103: 05 | F103: 175 | G103: 29.55 | H103: 1/1 | I103: =ROUND(G103/1,2) -> 29.55 | J103: 174 | K103: Anggun Rahma Fajar | L103: =G103 -> 29.55 | M103: 2.01 | N103: 174 | O103: Anggun Rahma Fajar | P103: PPL existing | Q103: 2.0133359 | R103: =IF(N103="","",SUMIFS($I$5:$I$210,$N$5:$N$210,N103)) -> 166.26 | S103: Tetap (pertahankan)
...

Sheet Beban per PPL
A1: Beban per PPL: Existing vs Saran
A2: Beban dihitung ulang otomatis (rumus) dari sheet Existing vs Saran. Batas berlebih & ideal mengacu ke sheet Parameter & Asumsi.
A4: ID | B4: Nama PPL | C4: Sumber / Peran | D4: Nilai Kinerja | E4: Kecamatan Domisili | F4: Sub SLS Existing | G4: Beban Existing (skor) | H4: Sub SLS Saran (unit) | I4: Beban Saran (skor) | J4: Selisih Beban | K4: Status Beban Saran | L4: Catatan
A5: 22 | B5: Elvira Okzayenti | C5: PPL existing | D5: 5 | E5: BUKIT SUNDI | F5: =COUNTIFS('Existing vs Saran'!$J$5:$J$210,A5) -> 2 | G5: =SUMIFS('Existing vs Saran'!$L$5:$L$210,'Existing vs Saran'!$J$5:$J$210,A5) -> 346.44 | H5: =COUNTIFS('Existing vs Saran'!$N$5:$N$210,A5) -> 1 | I5: =SUMIFS('Existing vs Saran'!$I$5:$I$210,'Existing vs Saran'!$N$5:$N$210,A5) -> 105.26 | J5: =I5-G5 -> -241.18 | K5: =IF(I5=0,"Tidak dipakai",IF(I5>'Parameter & Asumsi'!$B$8,"Berlebih",IF(I5<100,"Ringan","Wajar"))) -> Wajar
A6: 27 | B6: muhamad iqbal | C6: PPL existing | D6: 5 | E6: BUKIT SUNDI | F6: =COUNTIFS('Existing vs Saran'!$J$5:$J$210,A6) -> 2 | G6: =SUMIFS('Existing vs Saran'!$L$5:$L$210,'Existing vs Saran'!$J$5:$J$210,A6) -> 240.11 | H6: =COUNTIFS('Existing vs Saran'!$N$5:$N$210,A6) -> 2 | I6: =SUMIFS('Existing vs Saran'!$I$5:$I$210,'Existing vs Saran'!$N$5:$N$210,A6) -> 213.61 | J6: =I6-G6 -> -26.5 | K6: =IF(I6=0,"Tidak dipakai",IF(I6>'Parameter & Asumsi'!$B$8,"Berlebih",IF(I6<100,"Ringan","Wajar"))) -> Wajar
A7: 31 | B7: Nadia wati | C7: PPL existing | D7: 5 | E7: BUKIT SUNDI | F7: =COUNTIFS('Existing vs Saran'!$J$5:$J$210,A7) -> 3 | G7: =SUMIFS('Existing vs Saran'!$L$5:$L$210,'Existing vs Saran'!$J$5:$J$210,A7) -> 226.43 | H7: =COUNTIFS('Existing vs Saran'!$N$5:$N$210,A7) -> 2 | I7: =SUMIFS('Existing vs Saran'!$I$5:$I$210,'Existing vs Saran'!$N$5:$N$210,A7) -> 124.26 | J7: =I7-G7 -> -102.17 | K7: =IF(I7=0,"Tidak dipakai",IF(I7>'Parameter & Asumsi'!$B$8,"Berlebih",IF(I7<100,"Ringan","Wajar"))) -> Wajar
A8: 44 | B8: Badrizal | C8: Rekrut baru | D8: 5 | E8: DANAU KEMBAR | F8: =COUNTIFS('Existing vs Saran'!$J$5:$J$210,A8) -> 0 | G8: =SUMIFS('Existing vs Saran'!$L$5:$L$210,'Existing vs Saran'!$J$5:$J$210,A8) -> 0 | H8: =COUNTIFS('Existing vs Saran'!$N$5:$N$210,A8) -> 1 | I8: =SUMIFS('Existing vs Saran'!$I$5:$I$210,'Existing vs Saran'!$N$5:$N$210,A8) -> 155.97 | J8: =I8-G8 -> 155.97 | K8: =IF(I8=0,"Tidak dipakai",IF(I8>'Parameter & Asumsi'!$B$8,"Berlebih",IF(I8<100,"Ringan","Wajar"))) -> Wajar | L8: Rekrut skema MENGINAP: sudah daftar tapi belum diplot; tawarkan menginap di kontrakan PANINGGAHAN (Kec. JUNJUNG SIRIH)
A9: 49 | B9: FEBRIA RAMANITA | C9: PPL existing | D9: 4 | E9: DANAU KEMBAR | F9: =COUNTIFS('Existing vs Saran'!$J$5:$J$210,A9) -> 4 | G9: =SUMIFS('Existing vs Saran'!$L$5:$L$210,'Existing vs Saran'!$J$5:$J$210,A9) -> 121.7 | H9: =COUNTIFS('Existing vs Saran'!$N$5:$N$210,A9) -> 5 | I9: =SUMIFS('Existing vs Saran'!$I$5:$I$210,'Existing vs Saran'!$N$5:$N$210,A9) -> 145.52 | J9: =I9-G9 -> 23.82 | K9: =IF(I9=0,"Tidak dipakai",IF(I9>'Parameter & Asumsi'!$B$8,"Berlebih",IF(I9<100,"Ringan","Wajar"))) -> Wajar | L9: Memegang wilayah gabungan dari: Weza Deftalia
A10: 60 | B10: Sherli Handayani | C10: Rekrut baru | D10: 5 | E10: DANAU KEMBAR | F10: =COUNTIFS('Existing vs Saran'!$J$5:$J$210,A10) -> 0 | G10: =SUMIFS('Existing vs Saran'!$L$5:$L$210,'Existing vs Saran'!$J$5:$J$210,A10) -> 0 | H10: =COUNTIFS('Existing vs Saran'!$N$5:$N$210,A10) -> 1 | I10: =SUMIFS('Existing vs Saran'!$I$5:$I$210,'Existing vs Saran'!$N$5:$N$210,A10) -> 119.67 | J10: =I10-G10 -> 119.67 | K10: =IF(I10=0,"Tidak dipakai",IF(I10>'Parameter & Asumsi'!$B$8,"Berlebih",IF(I10<100,"Ringan","Wajar"))) -> Wajar | L10: Rekrut skema MENGINAP: sudah daftar tapi belum diplot; tawarkan menginap di kontrakan SELAYO (Kec. KUBUNG)
A11: 65 | B11: Weza Deftalia | C11: Rekrut baru | D11: 4 | E11: DANAU KEMBAR | F11: =COUNTIFS('Existing vs Saran'!$J$5:$J$210,A11) -> 1 | G11: =SUMIFS('Existing vs Saran'!$L$5:$L$210,'Existing vs Saran'!$J$5:$J$210,A11) -> 23.82 | H11: =COUNTIFS('Existing vs Saran'!$N$5:$N$210,A11) -> 2 | I11: =SUMIFS('Existing vs Saran'!$I$5:$I$210,'Existing vs Saran'!$N$5:$N$210,A11) -> 218.55 | J11: =I11-G11 -> 194.73 | K11: =IF(I11=0,"Tidak dipakai",IF(I11>'Parameter & Asumsi'!$B$8,"Berlebih",IF(I11<100,"Ringan","Wajar"))) -> Wajar | L11: Rekrut skema MENGINAP: sudah daftar tapi belum diplot; tawarkan menginap di kontrakan PANINGGAHAN (Kec. JUNJUNG SIRIH); Dilepas: beban terlalu kecil (< 60) -> wilayah digabung ke FEBRIA RAMANITA
A12: 74 | B12: Ayang Syafriani | C12: PPL existing | D12: 5 | E12: GUNUNG TALANG | F12: =COUNTIFS('Existing vs Saran'!$J$5:$J$210,A12) -> 2 | G12: =SUMIFS('Existing vs Saran'!$L$5:$L$210,'Existing vs Saran'!$J$5:$J$210,A12) -> 273.63 | H12: =COUNTIFS('Existing vs Saran'!$N$5:$N$210,A12) -> 2 | I12: =SUMIFS('Existing vs Saran'!$I$5:$I$210,'Existing vs Saran'!$N$5:$N$210,A12) -> 146.14 | J12: =I12-G12 -> -127.49 | K12: =IF(I12=0,"Tidak dipakai",IF(I12>'Parameter & Asumsi'!$B$8,"Berlebih",IF(I12<100,"Ringan","Wajar"))) -> Wajar
A13: 77 | B13: Berni desriyanti | C13: Rekrut baru | D13: 5 | E13: GUNUNG TALANG | F13: =COUNTIFS('Existing vs Saran'!$J$5:$J$210,A13) -> 1 | G13: =SUMIFS('Existing vs Saran'!$L$5:$L$210,'Existing vs Saran'!$J$5:$J$210,A13) -> 23.33 | H13: =COUNTIFS('Existing vs Saran'!$N$5:$N$210,A13) -> 1 | I13: =SUMIFS('Existing vs Saran'!$I$5:$I$210,'Existing vs Saran'!$N$5:$N$210,A13) -> 98.11 | J13: =I13-G13 -> 74.78 | K13: =IF(I13=0,"Tidak dipakai",IF(I13>'Parameter & Asumsi'!$B$8,"Berlebih",IF(I13<100,"Ringan","Wajar"))) -> Ringan | L13: Rekrut skema MENGINAP: sudah daftar tapi belum diplot; tawarkan menginap di kontrakan SANIANG BAKA (Kec. X KOTO SINGKARAK); Dilepas: beban terlalu kecil (< 60) -> wilayah digabung ke Yola septya syamsi
A14: 78 | B14: Clara Amelya Hendres | C14: PPL existing | D14: 5 | E14: GUNUNG TALANG | F14: =COUNTIFS('Existing vs Saran'!$J$5:$J$210,A14) -> 3 | G14: =SUMIFS('Existing vs Saran'!$L$5:$L$210,'Existing vs Saran'!$J$5:$J$210,A14) -> 515.77 | H14: =COUNTIFS('Existing vs Saran'!$N$5:$N$210,A14) -> 3 | I14: =SUMIFS('Existing vs Saran'!$I$5:$I$210,'Existing vs Saran'!$N$5:$N$210,A14) -> 204.54 | J14: =I14-G14 -> -311.23 | K14: =IF(I14=0,"Tidak dipakai",IF(I14>'Parameter & Asumsi'!$B$8,"Berlebih",IF(I14<100,"Ringan","Wajar"))) -> Wajar
A15: 82 | B15: Dhini oktaviani | C15: PPL existing | D15: 4 | E15: GUNUNG TALANG | F15: =COUNTIFS('Existing vs Saran'!$J$5:$J$210,A15) -> 5 | G15: =SUMIFS('Existing vs Saran'!$L$5:$L$210,'Existing vs Saran'!$J$5:$J$210,A15) -> 185.32 | H15: =COUNTIFS('Existing vs Saran'!$N$5:$N$210,A15) -> 5 | I15: =SUMIFS('Existing vs Saran'!$I$5:$I$210,'Existing vs Saran'!$N$5:$N$210,A15) -> 185.32 | J15: =I15-G15 -> 0 | K15: =IF(I15=0,"Tidak dipakai",IF(I15>'Parameter & Asumsi'!$B$8,"Berlebih",IF(I15<100,"Ringan","Wajar"))) -> Wajar
A16: 83 | B16: Diana Endang Pratiwi | C16: PPL existing | D16: 4 | E16: GUNUNG TALANG | F16: =COUNTIFS('Existing vs Saran'!$J$5:$J$210,A16) -> 1 | G16: =SUMIFS('Existing vs Saran'!$L$5:$L$210,'Existing vs Saran'!$J$5:$J$210,A16) -> 86.03 | H16: =COUNTIFS('Existing vs Saran'!$N$5:$N$210,A16) -> 1 | I16: =SUMIFS('Existing vs Saran'!$I$5:$I$210,'Existing vs Saran'!$N$5:$N$210,A16) -> 86.03 | J16: =I16-G16 -> 0 | K16: =IF(I16=0,"Tidak dipakai",IF(I16>'Parameter & Asumsi'!$B$8,"Berlebih",IF(I16<100,"Ringan","Wajar"))) -> Ringan
A17: 94 | B17: Indri septiadi | C17: PPL existing | D17: 5 | E17: GUNUNG TALANG | F17: =COUNTIFS('Existing vs Saran'!$J$5:$J$210,A17) -> 2 | G17: =SUMIFS('Existing vs Saran'!$L$5:$L$210,'Existing vs Saran'!$J$5:$J$210,A17) -> 278.05 | H17: =COUNTIFS('Existing vs Saran'!$N$5:$N$210,A17) -> 2 | I17: =SUMIFS('Existing vs Saran'!$I$5:$I$210,'Existing vs Saran'!$N$5:$N$210,A17) -> 150.28 | J17: =I17-G17 -> -127.77 | K17: =IF(I17=0,"Tidak dipakai",IF(I17>'Parameter & Asumsi'!$B$8,"Berlebih",IF(I17<100,"Ringan","Wajar"))) -> Wajar
A18: 99 | B18: Julia Lara Zamzamy | C18: Rekrut baru | D18: 5 | E18: GUNUNG TALANG | F18: =COUNTIFS('Existing vs Saran'!$J$5:$J$210,A18) -> 1 | G18: =SUMIFS('Existing vs Saran'!$L$5:$L$210,'Existing vs Saran'!$J$5:$J$210,A18) -> 27.47 | H18: =COUNTIFS('Existing vs Saran'!$N$5:$N$210,A18) -> 1 | I18: =SUMIFS('Existing vs Saran'!$I$5:$I$210,'Existing vs Saran'!$N$5:$N$210,A18) -> 155.29 | J18: =I18-G18 -> 127.82 | K18: =IF(I18=0,"Tidak dipakai",IF(I18>'Parameter & Asumsi'!$B$8,"Berlebih",IF(I18<100,"Ringan","Wajar"))) -> Wajar | L18: Rekrut skema MENGINAP: sudah daftar tapi belum diplot; tawarkan menginap di kontrakan PANINGGAHAN (Kec. JUNJUNG SIRIH); Dilepas: beban terlalu kecil (< 60) -> wilayah digabung ke Sonya aldes fatma
A19: 101 | B19: Mardiati | C19: PPL existing | D19: 5 | E19: GUNUNG TALANG | F19: =COUNTIFS('Existing vs Saran'!$J$5:$J$210,A19) -> 3 | G19: =SUMIFS('Existing vs Saran'!$L$5:$L$210,'Existing vs Saran'!$J$5:$J$210,A19) -> 134.8 | H19: =COUNTIFS('Existing vs Saran'!$N$5:$N$210,A19) -> 3 | I19: =SUMIFS('Existing vs Saran'!$I$5:$I$210,'Existing vs Saran'!$N$5:$N$210,A19) -> 134.8 | J19: =I19-G19 -> 0 | K19: =IF(I19=0,"Tidak dipakai",IF(I19>'Parameter & Asumsi'!$B$8,"Berlebih",IF(I19<100,"Ringan","Wajar"))) -> Wajar
A20: 102 | B20: Mirvan Harvia | C20: PPL existing | D20: 5 | E20: GUNUNG TALANG | F20: =COUNTIFS('Existing vs Saran'!$J$5:$J$210,A20) -> 2 | G20: =SUMIFS('Existing vs Saran'!$L$5:$L$210,'Existing vs Saran'!$J$5:$J$210,A20) -> 274.11 | H20: =COUNTIFS('Existing vs Saran'!$N$5:$N$210,A20) -> 2 | I20: =SUMIFS('Existing vs Saran'!$I$5:$I$210,'Existing vs Saran'!$N$5:$N$210,A20) -> 146.55 | J20: =I20-G20 -> -127.56 | K20: =IF(I20=0,"Tidak dipakai",IF(I20>'Parameter & Asumsi'!$B$8,"Berlebih",IF(I20<100,"Ringan","Wajar"))) -> Wajar
A21: 106 | B21: Mustika Sari | C21: PPL existing | D21: 5 | E21: GUNUNG TALANG | F21: =COUNTIFS('Existing vs Saran'!$J$5:$J$210,A21) -> 1 | G21: =SUMIFS('Existing vs Saran'!$L$5:$L$210,'Existing vs Saran'!$J$5:$J$210,A21) -> 69.68 | H21: =COUNTIFS('Existing vs Saran'!$N$5:$N$210,A21) -> 1 | I21: =SUMIFS('Existing vs Saran'!$I$5:$I$210,'Existing vs Saran'!$N$5:$N$210,A21) -> 69.68 | J21: =I21-G21 -> 0 | K21: =IF(I21=0,"Tidak dipakai",IF(I21>'Parameter & Asumsi'!$B$8,"Berlebih",IF(I21<100,"Ringan","Wajar"))) -> Ringan
A22: 107 | B22: NAILA SABATINI | C22: PPL existing | D22: 5 | E22: GUNUNG TALANG | F22: =COUNTIFS('Existing vs Saran'!$J$5:$J$210,A22) -> 4 | G22: =SUMIFS('Existing vs Saran'!$L$5:$L$210,'Existing vs Saran'!$J$5:$J$210,A22) -> 95.15 | H22: =COUNTIFS('Existing vs Saran'!$N$5:$N$210,A22) -> 5 | I22: =SUMIFS('Existing vs Saran'!$I$5:$I$210,'Existing vs Saran'!$N$5:$N$210,A22) -> 214.82 | J22: =I22-G22 -> 119.67 | K22: =IF(I22=0,"Tidak dipakai",IF(I22>'Parameter & Asumsi'!$B$8,"Berlebih",IF(I22<100,"Ringan","Wajar"))) -> Wajar
A23: 108 | B23: NANDA WESTIA ADE NINGSIH | C23: PPL existing | D23: 5 | E23: GUNUNG TALANG | F23: =COUNTIFS('Existing vs Saran'!$J$5:$J$210,A23) -> 1 | G23: =SUMIFS('Existing vs Saran'!$L$5:$L$210,'Existing vs Saran'!$J$5:$J$210,A23) -> 85.5 | H23: =COUNTIFS('Existing vs Saran'!$N$5:$N$210,A23) -> 1 | I23: =SUMIFS('Existing vs Saran'!$I$5:$I$210,'Existing vs Saran'!$N$5:$N$210,A23) -> 85.5 | J23: =I23-G23 -> 0 | K23: =IF(I23=0,"Tidak dipakai",IF(I23>'Parameter & Asumsi'!$B$8,"Berlebih",IF(I23<100,"Ringan","Wajar"))) -> Ringan
A24: 111 | B24: nopi nofila | C24: PPL existing | D24: 5 | E24: GUNUNG TALANG | F24: =COUNTIFS('Existing vs Saran'!$J$5:$J$210,A24) -> 2 | G24: =SUMIFS('Existing vs Saran'!$L$5:$L$210,'Existing vs Saran'!$J$5:$J$210,A24) -> 274.23 | H24: =COUNTIFS('Existing vs Saran'!$N$5:$N$210,A24) -> 2 | I24: =SUMIFS('Existing vs Saran'!$I$5:$I$210,'Existing vs Saran'!$N$5:$N$210,A24) -> 145.99 | J24: =I24-G24 -> -128.24 | K24: =IF(I24=0,"Tidak dipakai",IF(I24>'Parameter & Asumsi'!$B$8,"Berlebih",IF(I24<100,"Ringan","Wajar"))) -> Wajar
A25: 112 | B25: Norlizah | C25: PPL existing | D25: 5 | E25: GUNUNG TALANG | F25: =COUNTIFS('Existing vs Saran'!$J$5:$J$210,A25) -> 3 | G25: =SUMIFS('Existing vs Saran'!$L$5:$L$210,'Existing vs Saran'!$J$5:$J$210,A25) -> 136.8 | H25: =COUNTIFS('Existing vs Saran'!$N$5:$N$210,A25) -> 0 | I25: =SUMIFS('Existing vs Saran'!$I$5:$I$210,'Existing vs Saran'!$N$5:$N$210,A25) -> 0 | J25: =I25-G25 -> -136.8 | K25: =IF(I25=0,"Tidak dipakai",IF(I25>'Parameter & Asumsi'!$B$8,"Berlebih",IF(I25<100,"Ringan","Wajar"))) -> Tidak dipakai | L25: Ikut kegiatan lain (SPDT NTP 2026) -> diganti
A26: 116 | B26: PUSPITA PUTRI | C26: Pool (baru diplot) | D26: 4 | E26: GUNUNG TALANG | F26: =COUNTIFS('Existing vs Saran'!$J$5:$J$210,A26) -> 0 | G26: =SUMIFS('Existing vs Saran'!$L$5:$L$210,'Existing vs Saran'!$J$5:$J$210,A26) -> 0 | H26: =COUNTIFS('Existing vs Saran'!$N$5:$N$210,A26) -> 1 | I26: =SUMIFS('Existing vs Saran'!$I$5:$I$210,'Existing vs Saran'!$N$5:$N$210,A26) -> 155.61 | J26: =I26-G26 -> 155.61 | K26: =IF(I26=0,"Tidak dipakai",IF(I26>'Parameter & Asumsi'!$B$8,"Berlebih",IF(I26<100,"Ringan","Wajar"))) -> Wajar
A27: 117 | B27: putri nasriati | C27: PPL existing | D27: 5 | E27: GUNUNG TALANG | F27: =COUNTIFS('Existing vs Saran'!$J$5:$J$210,A27) -> 1 | G27: =SUMIFS('Existing vs Saran'!$L$5:$L$210,'Existing vs Saran'!$J$5:$J$210,A27) -> 78.82 | H27: =COUNTIFS('Existing vs Saran'!$N$5:$N$210,A27) -> 1 | I27: =SUMIFS('Existing vs Saran'!$I$5:$I$210,'Existing vs Saran'!$N$5:$N$210,A27) -> 78.82 | J27: =I27-G27 -> 0 | K27: =IF(I27=0,"Tidak dipakai",IF(I27>'Parameter & Asumsi'!$B$8,"Berlebih",IF(I27<100,"Ringan","Wajar"))) -> Ringan
A28: 122 | B28: Sonya aldes fatma | C28: PPL existing | D28: 4 | E28: GUNUNG TALANG | F28: =COUNTIFS('Existing vs Saran'!$J$5:$J$210,A28) -> 3 | G28: =SUMIFS('Existing vs Saran'!$L$5:$L$210,'Existing vs Saran'!$J$5:$J$210,A28) -> 99.68 | H28: =COUNTIFS('Existing vs Saran'!$N$5:$N$210,A28) -> 4 | I28: =SUMIFS('Existing vs Saran'!$I$5:$I$210,'Existing vs Saran'!$N$5:$N$210,A28) -> 127.15 | J28: =I28-G28 -> 27.47 | K28: =IF(I28=0,"Tidak dipakai",IF(I28>'Parameter & Asumsi'!$B$8,"Berlebih",IF(I28<100,"Ringan","Wajar"))) -> Wajar | L28: Memegang wilayah gabungan dari: Julia Lara Zamzamy
A29: 125 | B29: Valina alsisri | C29: PPL existing | D29: 5 | E29: GUNUNG TALANG | F29: =COUNTIFS('Existing vs Saran'!$J$5:$J$210,A29) -> 1 | G29: =SUMIFS('Existing vs Saran'!$L$5:$L$210,'Existing vs Saran'!$J$5:$J$210,A29) -> 81.8 | H29: =COUNTIFS('Existing vs Saran'!$N$5:$N$210,A29) -> 1 | I29: =SUMIFS('Existing vs Saran'!$I$5:$I$210,'Existing vs Saran'!$N$5:$N$210,A29) -> 81.8 | J29: =I29-G29 -> 0 | K29: =IF(I29=0,"Tidak dipakai",IF(I29>'Parameter & Asumsi'!$B$8,"Berlebih",IF(I29<100,"Ringan","Wajar"))) -> Ringan
A30: 127 | B30: Yola septya syamsi | C30: PPL existing | D30: 5 | E30: GUNUNG TALANG | F30: =COUNTIFS('Existing vs Saran'!$J$5:$J$210,A30) -> 2 | G30: =SUMIFS('Existing vs Saran'!$L$5:$L$210,'Existing vs Saran'!$J$5:$J$210,A30) -> 136.37 | H30: =COUNTIFS('Existing vs Saran'!$N$5:$N$210,A30) -> 3 | I30: =SUMIFS('Existing vs Saran'!$I$5:$I$210,'Existing vs Saran'!$N$5:$N$210,A30) -> 159.7 | J30: =I30-G30 -> 23.33 | K30: =IF(I30=0,"Tidak dipakai",IF(I30>'Parameter & Asumsi'!$B$8,"Berlebih",IF(I30<100,"Ringan","Wajar"))) -> Wajar | L30: Memegang wilayah gabungan dari: Berni desriyanti
A31: 129 | B31: Yulia ningsih | C31: PPL existing | D31: 5 | E31: GUNUNG TALANG | F31: =COUNTIFS('Existing vs Saran'!$J$5:$J$210,A31) -> 1 | G31: =SUMIFS('Existing vs Saran'!$L$5:$L$210,'Existing vs Saran'!$J$5:$J$210,A31) -> 83.39 | H31: =COUNTIFS('Existing vs Saran'!$N$5:$N$210,A31) -> 1 | I31: =SUMIFS('Existing vs Saran'!$I$5:$I$210,'Existing vs Saran'!$N$5:$N$210,A31) -> 83.39 | J31: =I31-G31 -> 0 | K31: =IF(I31=0,"Tidak dipakai",IF(I31>'Parameter & Asumsi'!$B$8,"Berlebih",IF(I31<100,"Ringan","Wajar"))) -> Ringan
A32: 130 | B32: Zheta Renisa Azani | C32: PPL existing | D32: 3 | E32: GUNUNG TALANG | F32: =COUNTIFS('Existing vs Saran'!$J$5:$J$210,A32) -> 3 | G32: =SUMIFS('Existing vs Saran'!$L$5:$L$210,'Existing vs Saran'!$J$5:$J$210,A32) -> 60.43 | H32: =COUNTIFS('Existing vs Saran'!$N$5:$N$210,A32) -> 4 | I32: =SUMIFS('Existing vs Saran'!$I$5:$I$210,'Existing vs Saran'!$N$5:$N$210,A32) -> 216.04 | J32: =I32-G32 -> 155.61 | K32: =IF(I32=0,"Tidak dipakai",IF(I32>'Parameter & Asumsi'!$B$8,"Berlebih",IF(I32<100,"Ringan","Wajar"))) -> Wajar
A33: 138 | B33: Nurul Fadila Ramadhani | C33: Rekrut baru | D33: 5 | E33: HILIRAN GUMANTI | F33: =COUNTIFS('Existing vs Saran'!$J$5:$J$210,A33) -> 0 | G33: =SUMIFS('Existing vs Saran'!$L$5:$L$210,'Existing vs Saran'!$J$5:$J$210,A33) -> 0 | H33: =COUNTIFS('Existing vs Saran'!$N$5:$N$210,A33) -> 1 | I33: =SUMIFS('Existing vs Saran'!$I$5:$I$210,'Existing vs Saran'!$N$5:$N$210,A33) -> 118.77 | J33: =I33-G33 -> 118.77 | K33: =IF(I33=0,"Tidak dipakai",IF(I33>'Parameter & Asumsi'!$B$8,"Berlebih",IF(I33<100,"Ringan","Wajar"))) -> Wajar | L33: Rekrut skema MENGINAP: sudah daftar tapi belum diplot; tawarkan menginap di kontrakan SELAYO (Kec. KUBUNG)
A34: 145 | B34: Asmedi Surya | C34: Pool (baru diplot) | D34: 5 | E34: IX KOTO SUNGAI LASI | F34: =COUNTIFS('Existing vs Saran'!$J$5:$J$210,A34) -> 0 | G34: =SUMIFS('Existing vs Saran'!$L$5:$L$210,'Existing vs Saran'!$J$5:$J$210,A34) -> 0 | H34: =COUNTIFS('Existing vs Saran'!$N$5:$N$210,A34) -> 1 | I34: =SUMIFS('Existing vs Saran'!$I$5:$I$210,'Existing vs Saran'!$N$5:$N$210,A34) -> 127.5 | J34: =I34-G34 -> 127.5 | K34: =IF(I34=0,"Tidak dipakai",IF(I34>'Parameter & Asumsi'!$B$8,"Berlebih",IF(I34<100,"Ringan","Wajar"))) -> Wajar
A35: 152 | B35: NILAM SITARESMI CAHYONO | C35: PPL existing | D35: 5 | E35: IX KOTO SUNGAI LASI | F35: =COUNTIFS('Existing vs Saran'!$J$5:$J$210,A35) -> 2 | G35: =SUMIFS('Existing vs Saran'!$L$5:$L$210,'Existing vs Saran'!$J$5:$J$210,A35) -> 241.29 | H35: =COUNTIFS('Existing vs Saran'!$N$5:$N$210,A35) -> 1 | I35: =SUMIFS('Existing vs Saran'!$I$5:$I$210,'Existing vs Saran'!$N$5:$N$210,A35) -> 122.52 | J35: =I35-G35 -> -118.77 | K35: =IF(I35=0,"Tidak dipakai",IF(I35>'Parameter & Asumsi'!$B$8,"Berlebih",IF(I35<100,"Ringan","Wajar"))) -> Wajar
A36: 153 | B36: NOVA ALIZA | C36: Rekrut baru | D36: 5 | E36: IX KOTO SUNGAI LASI | F36: =COUNTIFS('Existing vs Saran'!$J$5:$J$210,A36) -> 0 | G36: =SUMIFS('Existing vs Saran'!$L$5:$L$210,'Existing vs Saran'!$J$5:$J$210,A36) -> 0 | H36: =COUNTIFS('Existing vs Saran'!$N$5:$N$210,A36) -> 2 | I36: =SUMIFS('Existing vs Saran'!$I$5:$I$210,'Existing vs Saran'!$N$5:$N$210,A36) -> 205.52 | J36: =I36-G36 -> 205.52 | K36: =IF(I36=0,"Tidak dipakai",IF(I36>'Parameter & Asumsi'!$B$8,"Berlebih",IF(I36<100,"Ringan","Wajar"))) -> Wajar | L36: Rekrut skema MENGINAP: sudah daftar tapi belum diplot; tawarkan menginap di kontrakan MUARO PINGAI (Kec. JUNJUNG SIRIH)
A37: 156 | B37: Wirastri Widuri | C37: Pool (baru diplot) | D37: 5 | E37: IX KOTO SUNGAI LASI | F37: =COUNTIFS('Existing vs Saran'!$J$5:$J$210,A37) -> 0 | G37: =SUMIFS('Existing vs Saran'!$L$5:$L$210,'Existing vs Saran'!$J$5:$J$210,A37) -> 0 | H37: =COUNTIFS('Existing vs Saran'!$N$5:$N$210,A37) -> 1 | I37: =SUMIFS('Existing vs Saran'!$I$5:$I$210,'Existing vs Saran'!$N$5:$N$210,A37) -> 127.57 | J37: =I37-G37 -> 127.57 | K37: =IF(I37=0,"Tidak dipakai",IF(I37>'Parameter & Asumsi'!$B$8,"Berlebih",IF(I37<100,"Ringan","Wajar"))) -> Wajar
A38: 158 | B38: Aniza Nurzanah | C38: PPL existing | D38: 5 | E38: JUNJUNG SIRIH | F38: =COUNTIFS('Existing vs Saran'!$J$5:$J$210,A38) -> 1 | G38: =SUMIFS('Existing vs Saran'!$L$5:$L$210,'Existing vs Saran'!$J$5:$J$210,A38) -> 260.2 | H38: =COUNTIFS('Existing vs Saran'!$N$5:$N$210,A38) -> 2 | I38: =SUMIFS('Existing vs Saran'!$I$5:$I$210,'Existing vs Saran'!$N$5:$N$210,A38) -> 209.81 | J38: =I38-G38 -> -50.39 | K38: =IF(I38=0,"Tidak dipakai",IF(I38>'Parameter & Asumsi'!$B$8,"Berlebih",IF(I38<100,"Ringan","Wajar"))) -> Wajar
A39: 160 | B39: ELSI FEBRIANI | C39: PPL existing | D39: 5 | E39: JUNJUNG SIRIH | F39: =COUNTIFS('Existing vs Saran'!$J$5:$J$210,A39) -> 2 | G39: =SUMIFS('Existing vs Saran'!$L$5:$L$210,'Existing vs Saran'!$J$5:$J$210,A39) -> 311.26 | H39: =COUNTIFS('Existing vs Saran'!$N$5:$N$210,A39) -> 0 | I39: =SUMIFS('Existing vs Saran'!$I$5:$I$210,'Existing vs Saran'!$N$5:$N$210,A39) -> 0 | J39: =I39-G39 -> -311.26 | K39: =IF(I39=0,"Tidak dipakai",IF(I39>'Parameter & Asumsi'!$B$8,"Berlebih",IF(I39<100,"Ringan","Wajar"))) -> Tidak dipakai | L39: Ikut kegiatan lain (SPDT NTP 2026) -> diganti
A40: 164 | B40: MINDA SUSANTI | C40: PPL existing | D40: 5 | E40: JUNJUNG SIRIH | F40: =COUNTIFS('Existing vs Saran'!$J$5:$J$210,A40) -> 10 | G40: =SUMIFS('Existing vs Saran'!$L$5:$L$210,'Existing vs Saran'!$J$5:$J$210,A40) -> 196.76 | H40: =COUNTIFS('Existing vs Saran'!$N$5:$N$210,A40) -> 10 | I40: =SUMIFS('Existing vs Saran'!$I$5:$I$210,'Existing vs Saran'!$N$5:$N$210,A40) -> 196.76 | J40: =I40-G40 -> 0 | K40: =IF(I40=0,"Tidak dipakai",IF(I40>'Parameter & Asumsi'!$B$8,"Berlebih",IF(I40<100,"Ringan","Wajar"))) -> Wajar
A41: 166 | B41: Reni Fatriani | C41: PPL existing | D41: 5 | E41: JUNJUNG SIRIH | F41: =COUNTIFS('Existing vs Saran'!$J$5:$J$210,A41) -> 3 | G41: =SUMIFS('Existing vs Saran'!$L$5:$L$210,'Existing vs Saran'!$J$5:$J$210,A41) -> 191.99 | H41: =COUNTIFS('Existing vs Saran'!$N$5:$N$210,A41) -> 3 | I41: =SUMIFS('Existing vs Saran'!$I$5:$I$210,'Existing vs Saran'!$N$5:$N$210,A41) -> 191.99 | J41: =I41-G41 -> 0 | K41: =IF(I41=0,"Tidak dipakai",IF(I41>'Parameter & Asumsi'!$B$8,"Berlebih",IF(I41<100,"Ringan","Wajar"))) -> Wajar
A42: 466 | B42: Rini Nofsiska Sari | C42: PPL existing | E42: JUNJUNG SIRIH | F42: =COUNTIFS('Existing vs Saran'!$J$5:$J$210,A42) -> 1 | G42: =SUMIFS('Existing vs Saran'!$L$5:$L$210,'Existing vs Saran'!$J$5:$J$210,A42) -> 154.84 | H42: =COUNTIFS('Existing vs Saran'!$N$5:$N$210,A42) -> 2 | I42: =SUMIFS('Existing vs Saran'!$I$5:$I$210,'Existing vs Saran'!$N$5:$N$210,A42) -> 219.12 | J42: =I42-G42 -> 64.28 | K42: =IF(I42=0,"Tidak dipakai",IF(I42>'Parameter & Asumsi'!$B$8,"Berlebih",IF(I42<100,"Ringan","Wajar"))) -> Wajar
A43: 167 | B43: ROBI ALVIAN | C43: PPL existing | D43: 5 | E43: JUNJUNG SIRIH | F43: =COUNTIFS('Existing vs Saran'!$J$5:$J$210,A43) -> 2 | G43: =SUMIFS('Existing vs Saran'!$L$5:$L$210,'Existing vs Saran'!$J$5:$J$210,A43) -> 225.52 | H43: =COUNTIFS('Existing vs Saran'!$N$5:$N$210,A43) -> 2 | I43: =SUMIFS('Existing vs Saran'!$I$5:$I$210,'Existing vs Saran'!$N$5:$N$210,A43) -> 213.09 | J43: =I43-G43 -> -12.43 | K43: =IF(I43=0,"Tidak dipakai",IF(I43>'Parameter & Asumsi'!$B$8,"Berlebih",IF(I43<100,"Ringan","Wajar"))) -> Wajar
A44: 174 | B44: Anggun Rahma Fajar | C44: PPL existing | D44: 4 | E44: KUBUNG | F44: =COUNTIFS('Existing vs Saran'!$J$5:$J$210,A44) -> 4 | G44: =SUMIFS('Existing vs Saran'!$L$5:$L$210,'Existing vs Saran'!$J$5:$J$210,A44) -> 405.6 | H44: =COUNTIFS('Existing vs Saran'!$N$5:$N$210,A44) -> 3 | I44: =SUMIFS('Existing vs Saran'!$I$5:$I$210,'Existing vs Saran'!$N$5:$N$210,A44) -> 166.26 | J44: =I44-G44 -> -239.34 | K44: =IF(I44=0,"Tidak dipakai",IF(I44>'Parameter & Asumsi'!$B$8,"Berlebih",IF(I44<100,"Ringan","Wajar"))) -> Wajar
A45: 175 | B45: ANIKE PUTRI | C45: Nama diminta admin | D45: 5 | E45: KUBUNG | F45: =COUNTIFS('Existing vs Saran'!$J$5:$J$210,A45) -> 0 | G45: =SUMIFS('Existing vs Saran'!$L$5:$L$210,'Existing vs Saran'!$J$5:$J$210,A45) -> 0 | H45: =COUNTIFS('Existing vs Saran'!$N$5:$N$210,A45) -> 3 | I45: =SUMIFS('Existing vs Saran'!$I$5:$I$210,'Existing vs Saran'!$N$5:$N$210,A45) -> 136.8 | J45: =I45-G45 -> 136.8 | K45: =IF(I45=0,"Tidak dipakai",IF(I45>'Parameter & Asumsi'!$B$8,"Berlebih",IF(I45<100,"Ringan","Wajar"))) -> Wajar | L45: Diminta admin dijadikan PPL
A46: 179 | B46: Biki Wabihamdika | C46: PPL existing | D46: 3 | E46: KUBUNG | F46: =COUNTIFS('Existing vs Saran'!$J$5:$J$210,A46) -> 7 | G46: =SUMIFS('Existing vs Saran'!$L$5:$L$210,'Existing vs Saran'!$J$5:$J$210,A46) -> 151.94 | H46: =COUNTIFS('Existing vs Saran'!$N$5:$N$210,A46) -> 7 | I46: =SUMIFS('Existing vs Saran'!$I$5:$I$210,'Existing vs Saran'!$N$5:$N$210,A46) -> 151.94 | J46: =I46-G46 -> 0 | K46: =IF(I46=0,"Tidak dipakai",IF(I46>'Parameter & Asumsi'!$B$8,"Berlebih",IF(I46<100,"Ringan","Wajar"))) -> Wajar
A47: 181 | B47: Defitra Yeni | C47: PPL existing | D47: 4 | E47: KUBUNG | F47: =COUNTIFS('Existing vs Saran'!$J$5:$J$210,A47) -> 5 | G47: =SUMIFS('Existing vs Saran'!$L$5:$L$210,'Existing vs Saran'!$J$5:$J$210,A47) -> 144.3 | H47: =COUNTIFS('Existing vs Saran'!$N$5:$N$210,A47) -> 5 | I47: =SUMIFS('Existing vs Saran'!$I$5:$I$210,'Existing vs Saran'!$N$5:$N$210,A47) -> 144.3 | J47: =I47-G47 -> 0 | K47: =IF(I47=0,"Tidak dipakai",IF(I47>'Parameter & Asumsi'!$B$8,"Berlebih",IF(I47<100,"Ringan","Wajar"))) -> Wajar
A48: 184 | B48: Eka ramadani | C48: PPL existing | D48: 4 | E48: KUBUNG | F48: =COUNTIFS('Existing vs Saran'!$J$5:$J$210,A48) -> 2 | G48: =SUMIFS('Existing vs Saran'!$L$5:$L$210,'Existing vs Saran'!$J$5:$J$210,A48) -> 350.27 | H48: =COUNTIFS('Existing vs Saran'!$N$5:$N$210,A48) -> 1 | I48: =SUMIFS('Existing vs Saran'!$I$5:$I$210,'Existing vs Saran'!$N$5:$N$210,A48) -> 116.27 | J48: =I48-G48 -> -234 | K48: =IF(I48=0,"Tidak dipakai",IF(I48>'Parameter & Asumsi'!$B$8,"Berlebih",IF(I48<100,"Ringan","Wajar"))) -> Wajar
A49: 185 | B49: Farah Sahara | C49: PPL existing | D49: 3 | E49: KUBUNG | F49: =COUNTIFS('Existing vs Saran'!$J$5:$J$210,A49) -> 3 | G49: =SUMIFS('Existing vs Saran'!$L$5:$L$210,'Existing vs Saran'!$J$5:$J$210,A49) -> 248.58 | H49: =COUNTIFS('Existing vs Saran'!$N$5:$N$210,A49) -> 2 | I49: =SUMIFS('Existing vs Saran'!$I$5:$I$210,'Existing vs Saran'!$N$5:$N$210,A49) -> 138.59 | J49: =I49-G49 -> -109.99 | K49: =IF(I49=0,"Tidak dipakai",IF(I49>'Parameter & Asumsi'!$B$8,"Berlebih",IF(I49<100,"Ringan","Wajar"))) -> Wajar
A50: 188 | B50: Fikri Mardiyani | C50: PPL existing | D50: 2 | E50: KUBUNG | F50: =COUNTIFS('Existing vs Saran'!$J$5:$J$210,A50) -> 2 | G50: =SUMIFS('Existing vs Saran'!$L$5:$L$210,'Existing vs Saran'!$J$5:$J$210,A50) -> 215.35 | H50: =COUNTIFS('Existing vs Saran'!$N$5:$N$210,A50) -> 2 | I50: =SUMIFS('Existing vs Saran'!$I$5:$I$210,'Existing vs Saran'!$N$5:$N$210,A50) -> 215.35 | J50: =I50-G50 -> 0 | K50: =IF(I50=0,"Tidak dipakai",IF(I50>'Parameter & Asumsi'!$B$8,"Berlebih",IF(I50<100,"Ringan","Wajar"))) -> Wajar
A51: 190 | B51: Fuji erizka | C51: PPL existing | D51: 3 | E51: KUBUNG | F51: =COUNTIFS('Existing vs Saran'!$J$5:$J$210,A51) -> 3 | G51: =SUMIFS('Existing vs Saran'!$L$5:$L$210,'Existing vs Saran'!$J$5:$J$210,A51) -> 177.84 | H51: =COUNTIFS('Existing vs Saran'!$N$5:$N$210,A51) -> 2 | I51: =SUMIFS('Existing vs Saran'!$I$5:$I$210,'Existing vs Saran'!$N$5:$N$210,A51) -> 143.15 | J51: =I51-G51 -> -34.69 | K51: =IF(I51=0,"Tidak dipakai",IF(I51>'Parameter & Asumsi'!$B$8,"Berlebih",IF(I51<100,"Ringan","Wajar"))) -> Wajar
A52: 210 | B52: Nelva Roza Oktakia | C52: PPL existing | D52: 4 | E52: KUBUNG | F52: =COUNTIFS('Existing vs Saran'!$J$5:$J$210,A52) -> 2 | G52: =SUMIFS('Existing vs Saran'!$L$5:$L$210,'Existing vs Saran'!$J$5:$J$210,A52) -> 352.95 | H52: =COUNTIFS('Existing vs Saran'!$N$5:$N$210,A52) -> 1 | I52: =SUMIFS('Existing vs Saran'!$I$5:$I$210,'Existing vs Saran'!$N$5:$N$210,A52) -> 121.28 | J52: =I52-G52 -> -231.67 | K52: =IF(I52=0,"Tidak dipakai",IF(I52>'Parameter & Asumsi'!$B$8,"Berlebih",IF(I52<100,"Ringan","Wajar"))) -> Wajar
A53: 219 | B53: Ranu Artysanda | C53: PPL existing | D53: 4 | E53: KUBUNG | F53: =COUNTIFS('Existing vs Saran'!$J$5:$J$210,A53) -> 5 | G53: =SUMIFS('Existing vs Saran'!$L$5:$L$210,'Existing vs Saran'!$J$5:$J$210,A53) -> 129.58 | H53: =COUNTIFS('Existing vs Saran'!$N$5:$N$210,A53) -> 5 | I53: =SUMIFS('Existing vs Saran'!$I$5:$I$210,'Existing vs Saran'!$N$5:$N$210,A53) -> 129.58 | J53: =I53-G53 -> 0 | K53: =IF(I53=0,"Tidak dipakai",IF(I53>'Parameter & Asumsi'!$B$8,"Berlebih",IF(I53<100,"Ringan","Wajar"))) -> Wajar
A54: 229 | B54: Sri wahyuni | C54: PPL existing | D54: 4 | E54: KUBUNG | F54: =COUNTIFS('Existing vs Saran'!$J$5:$J$210,A54) -> 2 | G54: =SUMIFS('Existing vs Saran'!$L$5:$L$210,'Existing vs Saran'!$J$5:$J$210,A54) -> 230.12 | H54: =COUNTIFS('Existing vs Saran'!$N$5:$N$210,A54) -> 1 | I54: =SUMIFS('Existing vs Saran'!$I$5:$I$210,'Existing vs Saran'!$N$5:$N$210,A54) -> 113.07 | J54: =I54-G54 -> -117.05 | K54: =IF(I54=0,"Tidak dipakai",IF(I54>'Parameter & Asumsi'!$B$8,"Berlebih",IF(I54<100,"Ringan","Wajar"))) -> Wajar
A55: 237 | B55: Yenni Rizka Putri | C55: PPL existing | D55: 5 | E55: KUBUNG | F55: =COUNTIFS('Existing vs Saran'!$J$5:$J$210,A55) -> 2 | G55: =SUMIFS('Existing vs Saran'!$L$5:$L$210,'Existing vs Saran'!$J$5:$J$210,A55) -> 224.12 | H55: =COUNTIFS('Existing vs Saran'!$N$5:$N$210,A55) -> 1 | I55: =SUMIFS('Existing vs Saran'!$I$5:$I$210,'Existing vs Saran'!$N$5:$N$210,A55) -> 112.94 | J55: =I55-G55 -> -111.18 | K55: =IF(I55=0,"Tidak dipakai",IF(I55>'Parameter & Asumsi'!$B$8,"Berlebih",IF(I55<100,"Ringan","Wajar"))) -> Wajar
A56: 238 | B56: Yogi eka Putra | C56: PPL existing | D56: 3 | E56: KUBUNG | F56: =COUNTIFS('Existing vs Saran'!$J$5:$J$210,A56) -> 2 | G56: =SUMIFS('Existing vs Saran'!$L$5:$L$210,'Existing vs Saran'!$J$5:$J$210,A56) -> 209.45 | H56: =COUNTIFS('Existing vs Saran'!$N$5:$N$210,A56) -> 2 | I56: =SUMIFS('Existing vs Saran'!$I$5:$I$210,'Existing vs Saran'!$N$5:$N$210,A56) -> 209.45 | J56: =I56-G56 -> 0 | K56: =IF(I56=0,"Tidak dipakai",IF(I56>'Parameter & Asumsi'!$B$8,"Berlebih",IF(I56<100,"Ringan","Wajar"))) -> Wajar
A57: 240 | B57: Yora Komala Sari | C57: PPL existing | D57: 3 | E57: KUBUNG | F57: =COUNTIFS('Existing vs Saran'!$J$5:$J$210,A57) -> 1 | G57: =SUMIFS('Existing vs Saran'!$L$5:$L$210,'Existing vs Saran'!$J$5:$J$210,A57) -> 115.39 | H57: =COUNTIFS('Existing vs Saran'!$N$5:$N$210,A57) -> 2 | I57: =SUMIFS('Existing vs Saran'!$I$5:$I$210,'Existing vs Saran'!$N$5:$N$210,A57) -> 217.56 | J57: =I57-G57 -> 102.17 | K57: =IF(I57=0,"Tidak dipakai",IF(I57>'Parameter & Asumsi'!$B$8,"Berlebih",IF(I57<100,"Ringan","Wajar"))) -> Wajar
A58: 255 | B58: Dini Fonika Putri | C58: Rekrut baru | D58: 4 | E58: LEMBAH GUMANTI | F58: =COUNTIFS('Existing vs Saran'!$J$5:$J$210,A58) -> 0 | G58: =SUMIFS('Existing vs Saran'!$L$5:$L$210,'Existing vs Saran'!$J$5:$J$210,A58) -> 0 | H58: =COUNTIFS('Existing vs Saran'!$N$5:$N$210,A58) -> 1 | I58: =SUMIFS('Existing vs Saran'!$I$5:$I$210,'Existing vs Saran'!$N$5:$N$210,A58) -> 128.24 | J58: =I58-G58 -> 128.24 | K58: =IF(I58=0,"Tidak dipakai",IF(I58>'Parameter & Asumsi'!$B$8,"Berlebih",IF(I58<100,"Ringan","Wajar"))) -> Wajar | L58: Rekrut skema MENGINAP: sudah daftar tapi belum diplot; tawarkan menginap di kontrakan SELAYO (Kec. KUBUNG)
A59: 262 | B59: FELIA NOVELIZA | C59: Rekrut baru | D59: 4 | E59: LEMBAH GUMANTI | F59: =COUNTIFS('Existing vs Saran'!$J$5:$J$210,A59) -> 0 | G59: =SUMIFS('Existing vs Saran'!$L$5:$L$210,'Existing vs Saran'!$J$5:$J$210,A59) -> 0 | H59: =COUNTIFS('Existing vs Saran'!$N$5:$N$210,A59) -> 1 | I59: =SUMIFS('Existing vs Saran'!$I$5:$I$210,'Existing vs Saran'!$N$5:$N$210,A59) -> 111.18 | J59: =I59-G59 -> 111.18 | K59: =IF(I59=0,"Tidak dipakai",IF(I59>'Parameter & Asumsi'!$B$8,"Berlebih",IF(I59<100,"Ringan","Wajar"))) -> Wajar | L59: Rekrut skema MENGINAP: sudah daftar tapi belum diplot; tawarkan menginap di kontrakan SELAYO (Kec. KUBUNG)
A60: 267 | B60: Gusna Wirda | C60: PPL existing | D60: 5 | E60: LEMBAH GUMANTI | F60: =COUNTIFS('Existing vs Saran'!$J$5:$J$210,A60) -> 5 | G60: =SUMIFS('Existing vs Saran'!$L$5:$L$210,'Existing vs Saran'!$J$5:$J$210,A60) -> 223.13 | H60: =COUNTIFS('Existing vs Saran'!$N$5:$N$210,A60) -> 5 | I60: =SUMIFS('Existing vs Saran'!$I$5:$I$210,'Existing vs Saran'!$N$5:$N$210,A60) -> 208.2 | J60: =I60-G60 -> -14.93 | K60: =IF(I60=0,"Tidak dipakai",IF(I60>'Parameter & Asumsi'!$B$8,"Berlebih",IF(I60<100,"Ringan","Wajar"))) -> Wajar
A61: 269 | B61: HANIFAH TURAHMI | C61: Pool (baru diplot) | D61: 5 | E61: LEMBAH GUMANTI | F61: =COUNTIFS('Existing vs Saran'!$J$5:$J$210,A61) -> 0 | G61: =SUMIFS('Existing vs Saran'!$L$5:$L$210,'Existing vs Saran'!$J$5:$J$210,A61) -> 0 | H61: =COUNTIFS('Existing vs Saran'!$N$5:$N$210,A61) -> 2 | I61: =SUMIFS('Existing vs Saran'!$I$5:$I$210,'Existing vs Saran'!$N$5:$N$210,A61) -> 104.77 | J61: =I61-G61 -> 104.77 | K61: =IF(I61=0,"Tidak dipakai",IF(I61>'Parameter & Asumsi'!$B$8,"Berlebih",IF(I61<100,"Ringan","Wajar"))) -> Wajar
A62: 276 | B62: Kodratur rahman | C62: Rekrut baru | D62: 3 | E62: LEMBAH GUMANTI | F62: =COUNTIFS('Existing vs Saran'!$J$5:$J$210,A62) -> 0 | G62: =SUMIFS('Existing vs Saran'!$L$5:$L$210,'Existing vs Saran'!$J$5:$J$210,A62) -> 0 | H62: =COUNTIFS('Existing vs Saran'!$N$5:$N$210,A62) -> 1 | I62: =SUMIFS('Existing vs Saran'!$I$5:$I$210,'Existing vs Saran'!$N$5:$N$210,A62) -> 114.74 | J62: =I62-G62 -> 114.74 | K62: =IF(I62=0,"Tidak dipakai",IF(I62>'Parameter & Asumsi'!$B$8,"Berlebih",IF(I62<100,"Ringan","Wajar"))) -> Wajar | L62: Rekrut skema MENGINAP: sudah daftar tapi belum diplot; tawarkan menginap di kontrakan MUARO PINGAI (Kec. JUNJUNG SIRIH); Dilepas: beban terlalu kecil (< 60) -> wilayah digabung ke Wahyuni Oktavia
A63: 277 | B63: Lara Febria Sari | C63: Pool (baru diplot) | D63: 5 | E63: LEMBAH GUMANTI | F63: =COUNTIFS('Existing vs Saran'!$J$5:$J$210,A63) -> 0 | G63: =SUMIFS('Existing vs Saran'!$L$5:$L$210,'Existing vs Saran'!$J$5:$J$210,A63) -> 0 | H63: =COUNTIFS('Existing vs Saran'!$N$5:$N$210,A63) -> 2 | I63: =SUMIFS('Existing vs Saran'!$I$5:$I$210,'Existing vs Saran'!$N$5:$N$210,A63) -> 163.28 | J63: =I63-G63 -> 163.28 | K63: =IF(I63=0,"Tidak dipakai",IF(I63>'Parameter & Asumsi'!$B$8,"Berlebih",IF(I63<100,"Ringan","Wajar"))) -> Wajar
A64: 283 | B64: NIA FEBRIWENI | C64: Rekrut baru | D64: 4 | E64: LEMBAH GUMANTI | F64: =COUNTIFS('Existing vs Saran'!$J$5:$J$210,A64) -> 0 | G64: =SUMIFS('Existing vs Saran'!$L$5:$L$210,'Existing vs Saran'!$J$5:$J$210,A64) -> 0 | H64: =COUNTIFS('Existing vs Saran'!$N$5:$N$210,A64) -> 1 | I64: =SUMIFS('Existing vs Saran'!$I$5:$I$210,'Existing vs Saran'!$N$5:$N$210,A64) -> 155.13 | J64: =I64-G64 -> 155.13 | K64: =IF(I64=0,"Tidak dipakai",IF(I64>'Parameter & Asumsi'!$B$8,"Berlebih",IF(I64<100,"Ringan","Wajar"))) -> Wajar | L64: Rekrut skema MENGINAP: sudah daftar tapi belum diplot; tawarkan menginap di kontrakan PANINGGAHAN (Kec. JUNJUNG SIRIH)
A65: 284 | B65: Nindi Oktaviana | C65: Rekrut baru | D65: 4 | E65: LEMBAH GUMANTI | F65: =COUNTIFS('Existing vs Saran'!$J$5:$J$210,A65) -> 0 | G65: =SUMIFS('Existing vs Saran'!$L$5:$L$210,'Existing vs Saran'!$J$5:$J$210,A65) -> 0 | H65: =COUNTIFS('Existing vs Saran'!$N$5:$N$210,A65) -> 1 | I65: =SUMIFS('Existing vs Saran'!$I$5:$I$210,'Existing vs Saran'!$N$5:$N$210,A65) -> 120.59 | J65: =I65-G65 -> 120.59 | K65: =IF(I65=0,"Tidak dipakai",IF(I65>'Parameter & Asumsi'!$B$8,"Berlebih",IF(I65<100,"Ringan","Wajar"))) -> Wajar | L65: Rekrut skema MENGINAP: sudah daftar tapi belum diplot; tawarkan menginap di kontrakan SELAYO (Kec. KUBUNG)
A66: 291 | B66: Resi Linda Putri | C66: Rekrut baru | D66: 4 | E66: LEMBAH GUMANTI | F66: =COUNTIFS('Existing vs Saran'!$J$5:$J$210,A66) -> 0 | G66: =SUMIFS('Existing vs Saran'!$L$5:$L$210,'Existing vs Saran'!$J$5:$J$210,A66) -> 0 | H66: =COUNTIFS('Existing vs Saran'!$N$5:$N$210,A66) -> 1 | I66: =SUMIFS('Existing vs Saran'!$I$5:$I$210,'Existing vs Saran'!$N$5:$N$210,A66) -> 117.05 | J66: =I66-G66 -> 117.05 | K66: =IF(I66=0,"Tidak dipakai",IF(I66>'Parameter & Asumsi'!$B$8,"Berlebih",IF(I66<100,"Ringan","Wajar"))) -> Wajar | L66: Rekrut skema MENGINAP: sudah daftar tapi belum diplot; tawarkan menginap di kontrakan SELAYO (Kec. KUBUNG)
A67: 302 | B67: Wahyuni Oktavia | C67: PPL existing | D67: 4 | E67: LEMBAH GUMANTI | F67: =COUNTIFS('Existing vs Saran'!$J$5:$J$210,A67) -> 2 | G67: =SUMIFS('Existing vs Saran'!$L$5:$L$210,'Existing vs Saran'!$J$5:$J$210,A67) -> 141.84 | H67: =COUNTIFS('Existing vs Saran'!$N$5:$N$210,A67) -> 3 | I67: =SUMIFS('Existing vs Saran'!$I$5:$I$210,'Existing vs Saran'!$N$5:$N$210,A67) -> 188.15 | J67: =I67-G67 -> 46.31 | K67: =IF(I67=0,"Tidak dipakai",IF(I67>'Parameter & Asumsi'!$B$8,"Berlebih",IF(I67<100,"Ringan","Wajar"))) -> Wajar | L67: Memegang wilayah gabungan dari: Kodratur rahman
A68: 303 | B68: Witri Nadia Devita Sari | C68: Rekrut baru | D68: 4 | E68: LEMBAH GUMANTI | F68: =COUNTIFS('Existing vs Saran'!$J$5:$J$210,A68) -> 0 | G68: =SUMIFS('Existing vs Saran'!$L$5:$L$210,'Existing vs Saran'!$J$5:$J$210,A68) -> 0 | H68: =COUNTIFS('Existing vs Saran'!$N$5:$N$210,A68) -> 1 | I68: =SUMIFS('Existing vs Saran'!$I$5:$I$210,'Existing vs Saran'!$N$5:$N$210,A68) -> 117 | J68: =I68-G68 -> 117 | K68: =IF(I68=0,"Tidak dipakai",IF(I68>'Parameter & Asumsi'!$B$8,"Berlebih",IF(I68<100,"Ringan","Wajar"))) -> Wajar | L68: Rekrut skema MENGINAP: sudah daftar tapi belum diplot; tawarkan menginap di kontrakan SELAYO (Kec. KUBUNG)
A69: 308 | B69: Adri yoy marten | C69: Rekrut baru | D69: 3 | E69: LEMBANG JAYA | F69: =COUNTIFS('Existing vs Saran'!$J$5:$J$210,A69) -> 0 | G69: =SUMIFS('Existing vs Saran'!$L$5:$L$210,'Existing vs Saran'!$J$5:$J$210,A69) -> 0 | H69: =COUNTIFS('Existing vs Saran'!$N$5:$N$210,A69) -> 1 | I69: =SUMIFS('Existing vs Saran'!$I$5:$I$210,'Existing vs Saran'!$N$5:$N$210,A69) -> 138.43 | J69: =I69-G69 -> 138.43 | K69: =IF(I69=0,"Tidak dipakai",IF(I69>'Parameter & Asumsi'!$B$8,"Berlebih",IF(I69<100,"Ringan","Wajar"))) -> Wajar | L69: Rekrut skema MENGINAP: sudah daftar tapi belum diplot; tawarkan menginap di kontrakan SANIANG BAKA (Kec. X KOTO SINGKARAK)
A70: 309 | B70: Afdhal Rezeki | C70: Rekrut baru | D70: 4 | E70: LEMBANG JAYA | F70: =COUNTIFS('Existing vs Saran'!$J$5:$J$210,A70) -> 0 | G70: =SUMIFS('Existing vs Saran'!$L$5:$L$210,'Existing vs Saran'!$J$5:$J$210,A70) -> 0 | H70: =COUNTIFS('Existing vs Saran'!$N$5:$N$210,A70) -> 1 | I70: =SUMIFS('Existing vs Saran'!$I$5:$I$210,'Existing vs Saran'!$N$5:$N$210,A70) -> 115.84 | J70: =I70-G70 -> 115.84 | K70: =IF(I70=0,"Tidak dipakai",IF(I70>'Parameter & Asumsi'!$B$8,"Berlebih",IF(I70<100,"Ringan","Wajar"))) -> Wajar | L70: Rekrut skema MENGINAP: sudah daftar tapi belum diplot; tawarkan menginap di kontrakan SELAYO (Kec. KUBUNG)
A71: 310 | B71: Alhammah Alam 'Gina | C71: Rekrut baru | D71: 4 | E71: LEMBANG JAYA | F71: =COUNTIFS('Existing vs Saran'!$J$5:$J$210,A71) -> 0 | G71: =SUMIFS('Existing vs Saran'!$L$5:$L$210,'Existing vs Saran'!$J$5:$J$210,A71) -> 0 | H71: =COUNTIFS('Existing vs Saran'!$N$5:$N$210,A71) -> 1 | I71: =SUMIFS('Existing vs Saran'!$I$5:$I$210,'Existing vs Saran'!$N$5:$N$210,A71) -> 216.67 | J71: =I71-G71 -> 216.67 | K71: =IF(I71=0,"Tidak dipakai",IF(I71>'Parameter & Asumsi'!$B$8,"Berlebih",IF(I71<100,"Ringan","Wajar"))) -> Wajar | L71: Rekrut skema MENGINAP: sudah daftar tapi belum diplot; tawarkan menginap di kontrakan SANIANG BAKA (Kec. X KOTO SINGKARAK)
A72: 319 | B72: IDORA ATIA | C72: Pool (baru diplot) | D72: 4 | E72: LEMBANG JAYA | F72: =COUNTIFS('Existing vs Saran'!$J$5:$J$210,A72) -> 0 | G72: =SUMIFS('Existing vs Saran'!$L$5:$L$210,'Existing vs Saran'!$J$5:$J$210,A72) -> 0 | H72: =COUNTIFS('Existing vs Saran'!$N$5:$N$210,A72) -> 1 | I72: =SUMIFS('Existing vs Saran'!$I$5:$I$210,'Existing vs Saran'!$N$5:$N$210,A72) -> 154.27 | J72: =I72-G72 -> 154.27 | K72: =IF(I72=0,"Tidak dipakai",IF(I72>'Parameter & Asumsi'!$B$8,"Berlebih",IF(I72<100,"Ringan","Wajar"))) -> Wajar
A73: 324 | B73: Nurpatri | C73: Rekrut baru | D73: 4 | E73: LEMBANG JAYA | F73: =COUNTIFS('Existing vs Saran'!$J$5:$J$210,A73) -> 0 | G73: =SUMIFS('Existing vs Saran'!$L$5:$L$210,'Existing vs Saran'!$J$5:$J$210,A73) -> 0 | H73: =COUNTIFS('Existing vs Saran'!$N$5:$N$210,A73) -> 1 | I73: =SUMIFS('Existing vs Saran'!$I$5:$I$210,'Existing vs Saran'!$N$5:$N$210,A73) -> 109.99 | J73: =I73-G73 -> 109.99 | K73: =IF(I73=0,"Tidak dipakai",IF(I73>'Parameter & Asumsi'!$B$8,"Berlebih",IF(I73<100,"Ringan","Wajar"))) -> Wajar | L73: Rekrut skema MENGINAP: sudah daftar tapi belum diplot; tawarkan menginap di kontrakan SELAYO (Kec. KUBUNG)
A74: 330 | B74: Sukma Yuliandra Putri | C74: Rekrut baru | D74: 3 | E74: LEMBANG JAYA | F74: =COUNTIFS('Existing vs Saran'!$J$5:$J$210,A74) -> 0 | G74: =SUMIFS('Existing vs Saran'!$L$5:$L$210,'Existing vs Saran'!$J$5:$J$210,A74) -> 0 | H74: =COUNTIFS('Existing vs Saran'!$N$5:$N$210,A74) -> 1 | I74: =SUMIFS('Existing vs Saran'!$I$5:$I$210,'Existing vs Saran'!$N$5:$N$210,A74) -> 216.67 | J74: =I74-G74 -> 216.67 | K74: =IF(I74=0,"Tidak dipakai",IF(I74>'Parameter & Asumsi'!$B$8,"Berlebih",IF(I74<100,"Ringan","Wajar"))) -> Wajar | L74: Rekrut skema MENGINAP: sudah daftar tapi belum diplot; tawarkan menginap di kontrakan SANIANG BAKA (Kec. X KOTO SINGKARAK)
A75: 334 | B75: Velmarniati | C75: Rekrut baru | D75: 5 | E75: LEMBANG JAYA | F75: =COUNTIFS('Existing vs Saran'!$J$5:$J$210,A75) -> 0 | G75: =SUMIFS('Existing vs Saran'!$L$5:$L$210,'Existing vs Saran'!$J$5:$J$210,A75) -> 0 | H75: =COUNTIFS('Existing vs Saran'!$N$5:$N$210,A75) -> 2 | I75: =SUMIFS('Existing vs Saran'!$I$5:$I$210,'Existing vs Saran'!$N$5:$N$210,A75) -> 187.59 | J75: =I75-G75 -> 187.59 | K75: =IF(I75=0,"Tidak dipakai",IF(I75>'Parameter & Asumsi'!$B$8,"Berlebih",IF(I75<100,"Ringan","Wajar"))) -> Wajar | L75: Rekrut skema MENGINAP: sudah daftar tapi belum diplot; tawarkan menginap di kontrakan SANIANG BAKA (Kec. X KOTO SINGKARAK)
A76: 340 | B76: Debi Wulandari | C76: Rekrut baru | D76: 5 | E76: PANTAI CERMIN | F76: =COUNTIFS('Existing vs Saran'!$J$5:$J$210,A76) -> 0 | G76: =SUMIFS('Existing vs Saran'!$L$5:$L$210,'Existing vs Saran'!$J$5:$J$210,A76) -> 0 | H76: =COUNTIFS('Existing vs Saran'!$N$5:$N$210,A76) -> 1 | I76: =SUMIFS('Existing vs Saran'!$I$5:$I$210,'Existing vs Saran'!$N$5:$N$210,A76) -> 139.57 | J76: =I76-G76 -> 139.57 | K76: =IF(I76=0,"Tidak dipakai",IF(I76>'Parameter & Asumsi'!$B$8,"Berlebih",IF(I76<100,"Ringan","Wajar"))) -> Wajar | L76: Rekrut skema MENGINAP: sudah daftar tapi belum diplot; tawarkan menginap di kontrakan SANIANG BAKA (Kec. X KOTO SINGKARAK)
A77: 342 | B77: Elvika oktasari | C77: PPL existing | D77: 5 | E77: PANTAI CERMIN | F77: =COUNTIFS('Existing vs Saran'!$J$5:$J$210,A77) -> 2 | G77: =SUMIFS('Existing vs Saran'!$L$5:$L$210,'Existing vs Saran'!$J$5:$J$210,A77) -> 52.92 | H77: =COUNTIFS('Existing vs Saran'!$N$5:$N$210,A77) -> 2 | I77: =SUMIFS('Existing vs Saran'!$I$5:$I$210,'Existing vs Saran'!$N$5:$N$210,A77) -> 52.92 | J77: =I77-G77 -> 0 | K77: =IF(I77=0,"Tidak dipakai",IF(I77>'Parameter & Asumsi'!$B$8,"Berlebih",IF(I77<100,"Ringan","Wajar"))) -> Ringan
A78: 344 | B78: Iza Mutiarana | C78: Rekrut baru | D78: 5 | E78: PANTAI CERMIN | F78: =COUNTIFS('Existing vs Saran'!$J$5:$J$210,A78) -> 0 | G78: =SUMIFS('Existing vs Saran'!$L$5:$L$210,'Existing vs Saran'!$J$5:$J$210,A78) -> 0 | H78: =COUNTIFS('Existing vs Saran'!$N$5:$N$210,A78) -> 1 | I78: =SUMIFS('Existing vs Saran'!$I$5:$I$210,'Existing vs Saran'!$N$5:$N$210,A78) -> 115.84 | J78: =I78-G78 -> 115.84 | K78: =IF(I78=0,"Tidak dipakai",IF(I78>'Parameter & Asumsi'!$B$8,"Berlebih",IF(I78<100,"Ringan","Wajar"))) -> Wajar | L78: Rekrut skema MENGINAP: sudah daftar tapi belum diplot; tawarkan menginap di kontrakan SELAYO (Kec. KUBUNG)
A79: 355 | B79: Rona Afriyeni | C79: PPL existing (tanpa wilayah) | D79: 5 | E79: PANTAI CERMIN | F79: =COUNTIFS('Existing vs Saran'!$J$5:$J$210,A79) -> 0 | G79: =SUMIFS('Existing vs Saran'!$L$5:$L$210,'Existing vs Saran'!$J$5:$J$210,A79) -> 0 | H79: =COUNTIFS('Existing vs Saran'!$N$5:$N$210,A79) -> 0 | I79: =SUMIFS('Existing vs Saran'!$I$5:$I$210,'Existing vs Saran'!$N$5:$N$210,A79) -> 0 | J79: =I79-G79 -> 0 | K79: =IF(I79=0,"Tidak dipakai",IF(I79>'Parameter & Asumsi'!$B$8,"Berlebih",IF(I79<100,"Ringan","Wajar"))) -> Tidak dipakai | L79: Ikut kegiatan lain (SPDT NTP 2026) -> diganti; tidak punya wilayah (sarankan cabut peran PPL)
A80: 357 | B80: Syafika Amalia | C80: Rekrut baru | D80: 5 | E80: PANTAI CERMIN | F80: =COUNTIFS('Existing vs Saran'!$J$5:$J$210,A80) -> 0 | G80: =SUMIFS('Existing vs Saran'!$L$5:$L$210,'Existing vs Saran'!$J$5:$J$210,A80) -> 0 | H80: =COUNTIFS('Existing vs Saran'!$N$5:$N$210,A80) -> 1 | I80: =SUMIFS('Existing vs Saran'!$I$5:$I$210,'Existing vs Saran'!$N$5:$N$210,A80) -> 117 | J80: =I80-G80 -> 117 | K80: =IF(I80=0,"Tidak dipakai",IF(I80>'Parameter & Asumsi'!$B$8,"Berlebih",IF(I80<100,"Ringan","Wajar"))) -> Wajar | L80: Rekrut skema MENGINAP: sudah daftar tapi belum diplot; tawarkan menginap di kontrakan SELAYO (Kec. KUBUNG)
A81: 363 | B81: desi warni | C81: Rekrut baru | D81: 5 | E81: PAYUNG SEKAKI | F81: =COUNTIFS('Existing vs Saran'!$J$5:$J$210,A81) -> 0 | G81: =SUMIFS('Existing vs Saran'!$L$5:$L$210,'Existing vs Saran'!$J$5:$J$210,A81) -> 0 | H81: =COUNTIFS('Existing vs Saran'!$N$5:$N$210,A81) -> 1 | I81: =SUMIFS('Existing vs Saran'!$I$5:$I$210,'Existing vs Saran'!$N$5:$N$210,A81) -> 137.43 | J81: =I81-G81 -> 137.43 | K81: =IF(I81=0,"Tidak dipakai",IF(I81>'Parameter & Asumsi'!$B$8,"Berlebih",IF(I81<100,"Ringan","Wajar"))) -> Wajar | L81: Rekrut skema MENGINAP: sudah daftar tapi belum diplot; tawarkan menginap di kontrakan SANIANG BAKA (Kec. X KOTO SINGKARAK)
A82: 364 | B82: Fahrul Ramadhani | C82: Rekrut baru | D82: 3 | E82: PAYUNG SEKAKI | F82: =COUNTIFS('Existing vs Saran'!$J$5:$J$210,A82) -> 0 | G82: =SUMIFS('Existing vs Saran'!$L$5:$L$210,'Existing vs Saran'!$J$5:$J$210,A82) -> 0 | H82: =COUNTIFS('Existing vs Saran'!$N$5:$N$210,A82) -> 1 | I82: =SUMIFS('Existing vs Saran'!$I$5:$I$210,'Existing vs Saran'!$N$5:$N$210,A82) -> 182 | J82: =I82-G82 -> 182 | K82: =IF(I82=0,"Tidak dipakai",IF(I82>'Parameter & Asumsi'!$B$8,"Berlebih",IF(I82<100,"Ringan","Wajar"))) -> Wajar | L82: Rekrut skema MENGINAP: sudah daftar tapi belum diplot; tawarkan menginap di kontrakan SUMANI (Kec. X KOTO SINGKARAK)
A83: 365 | B83: Hafni Syamfitria | C83: Rekrut baru | D83: 5 | E83: PAYUNG SEKAKI | F83: =COUNTIFS('Existing vs Saran'!$J$5:$J$210,A83) -> 0 | G83: =SUMIFS('Existing vs Saran'!$L$5:$L$210,'Existing vs Saran'!$J$5:$J$210,A83) -> 0 | H83: =COUNTIFS('Existing vs Saran'!$N$5:$N$210,A83) -> 1 | I83: =SUMIFS('Existing vs Saran'!$I$5:$I$210,'Existing vs Saran'!$N$5:$N$210,A83) -> 143.22 | J83: =I83-G83 -> 143.22 | K83: =IF(I83=0,"Tidak dipakai",IF(I83>'Parameter & Asumsi'!$B$8,"Berlebih",IF(I83<100,"Ringan","Wajar"))) -> Wajar | L83: Rekrut skema MENGINAP: sudah daftar tapi belum diplot; tawarkan menginap di kontrakan MUARO PINGAI (Kec. JUNJUNG SIRIH)
A84: 374 | B84: Filzah Asyet | C84: Rekrut baru | D84: 5 | E84: TIGO LURAH | F84: =COUNTIFS('Existing vs Saran'!$J$5:$J$210,A84) -> 0 | G84: =SUMIFS('Existing vs Saran'!$L$5:$L$210,'Existing vs Saran'!$J$5:$J$210,A84) -> 0 | H84: =COUNTIFS('Existing vs Saran'!$N$5:$N$210,A84) -> 1 | I84: =SUMIFS('Existing vs Saran'!$I$5:$I$210,'Existing vs Saran'!$N$5:$N$210,A84) -> 182 | J84: =I84-G84 -> 182 | K84: =IF(I84=0,"Tidak dipakai",IF(I84>'Parameter & Asumsi'!$B$8,"Berlebih",IF(I84<100,"Ringan","Wajar"))) -> Wajar | L84: Rekrut skema MENGINAP: sudah daftar tapi belum diplot; tawarkan menginap di kontrakan SUMANI (Kec. X KOTO SINGKARAK)
A85: 375 | B85: Gusma Rida | C85: Rekrut baru | D85: 5 | E85: TIGO LURAH | F85: =COUNTIFS('Existing vs Saran'!$J$5:$J$210,A85) -> 0 | G85: =SUMIFS('Existing vs Saran'!$L$5:$L$210,'Existing vs Saran'!$J$5:$J$210,A85) -> 0 | H85: =COUNTIFS('Existing vs Saran'!$N$5:$N$210,A85) -> 1 | I85: =SUMIFS('Existing vs Saran'!$I$5:$I$210,'Existing vs Saran'!$N$5:$N$210,A85) -> 182 | J85: =I85-G85 -> 182 | K85: =IF(I85=0,"Tidak dipakai",IF(I85>'Parameter & Asumsi'!$B$8,"Berlebih",IF(I85<100,"Ringan","Wajar"))) -> Wajar | L85: Rekrut skema MENGINAP: sudah daftar tapi belum diplot; tawarkan menginap di kontrakan SUMANI (Kec. X KOTO SINGKARAK)
A86: 380 | B86: Wahyu Isman Asmi | C86: Rekrut baru | D86: 5 | E86: TIGO LURAH | F86: =COUNTIFS('Existing vs Saran'!$J$5:$J$210,A86) -> 0 | G86: =SUMIFS('Existing vs Saran'!$L$5:$L$210,'Existing vs Saran'!$J$5:$J$210,A86) -> 0 | H86: =COUNTIFS('Existing vs Saran'!$N$5:$N$210,A86) -> 2 | I86: =SUMIFS('Existing vs Saran'!$I$5:$I$210,'Existing vs Saran'!$N$5:$N$210,A86) -> 213.04 | J86: =I86-G86 -> 213.04 | K86: =IF(I86=0,"Tidak dipakai",IF(I86>'Parameter & Asumsi'!$B$8,"Berlebih",IF(I86<100,"Ringan","Wajar"))) -> Wajar | L86: Rekrut skema MENGINAP: sudah daftar tapi belum diplot; tawarkan menginap di kontrakan MUARO PINGAI (Kec. JUNJUNG SIRIH)
A87: 382 | B87: WENI DESTI | C87: Rekrut baru | D87: 4 | E87: TIGO LURAH | F87: =COUNTIFS('Existing vs Saran'!$J$5:$J$210,A87) -> 0 | G87: =SUMIFS('Existing vs Saran'!$L$5:$L$210,'Existing vs Saran'!$J$5:$J$210,A87) -> 0 | H87: =COUNTIFS('Existing vs Saran'!$N$5:$N$210,A87) -> 2 | I87: =SUMIFS('Existing vs Saran'!$I$5:$I$210,'Existing vs Saran'!$N$5:$N$210,A87) -> 215.02 | J87: =I87-G87 -> 215.02 | K87: =IF(I87=0,"Tidak dipakai",IF(I87>'Parameter & Asumsi'!$B$8,"Berlebih",IF(I87<100,"Ringan","Wajar"))) -> Wajar | L87: Rekrut skema MENGINAP: sudah daftar tapi belum diplot; tawarkan menginap di kontrakan SUMANI (Kec. X KOTO SINGKARAK)
A88: 389 | B88: Febri Handayani | C88: Rekrut baru | D88: 4 | E88: X KOTO DIATAS | F88: =COUNTIFS('Existing vs Saran'!$J$5:$J$210,A88) -> 0 | G88: =SUMIFS('Existing vs Saran'!$L$5:$L$210,'Existing vs Saran'!$J$5:$J$210,A88) -> 0 | H88: =COUNTIFS('Existing vs Saran'!$N$5:$N$210,A88) -> 2 | I88: =SUMIFS('Existing vs Saran'!$I$5:$I$210,'Existing vs Saran'!$N$5:$N$210,A88) -> 209.71 | J88: =I88-G88 -> 209.71 | K88: =IF(I88=0,"Tidak dipakai",IF(I88>'Parameter & Asumsi'!$B$8,"Berlebih",IF(I88<100,"Ringan","Wajar"))) -> Wajar | L88: Rekrut skema MENGINAP: sudah daftar tapi belum diplot; tawarkan menginap di kontrakan PANINGGAHAN (Kec. JUNJUNG SIRIH)
A89: 390 | B89: FENNY ANDA LISTI | C89: PPL existing | D89: 5 | E89: X KOTO DIATAS | F89: =COUNTIFS('Existing vs Saran'!$J$5:$J$210,A89) -> 1 | G89: =SUMIFS('Existing vs Saran'!$L$5:$L$210,'Existing vs Saran'!$J$5:$J$210,A89) -> 229.48 | H89: =COUNTIFS('Existing vs Saran'!$N$5:$N$210,A89) -> 2 | I89: =SUMIFS('Existing vs Saran'!$I$5:$I$210,'Existing vs Saran'!$N$5:$N$210,A89) -> 213.44 | J89: =I89-G89 -> -16.04 | K89: =IF(I89=0,"Tidak dipakai",IF(I89>'Parameter & Asumsi'!$B$8,"Berlebih",IF(I89<100,"Ringan","Wajar"))) -> Wajar
A90: 394 | B90: Mira apridayanti | C90: PPL existing | D90: 5 | E90: X KOTO DIATAS | F90: =COUNTIFS('Existing vs Saran'!$J$5:$J$210,A90) -> 2 | G90: =SUMIFS('Existing vs Saran'!$L$5:$L$210,'Existing vs Saran'!$J$5:$J$210,A90) -> 203.79 | H90: =COUNTIFS('Existing vs Saran'!$N$5:$N$210,A90) -> 2 | I90: =SUMIFS('Existing vs Saran'!$I$5:$I$210,'Existing vs Saran'!$N$5:$N$210,A90) -> 199.46 | J90: =I90-G90 -> -4.33 | K90: =IF(I90=0,"Tidak dipakai",IF(I90>'Parameter & Asumsi'!$B$8,"Berlebih",IF(I90<100,"Ringan","Wajar"))) -> Wajar
A91: 400 | B91: Salsa Billa Duwita Putri | C91: PPL existing | D91: 4 | E91: X KOTO DIATAS | F91: =COUNTIFS('Existing vs Saran'!$J$5:$J$210,A91) -> 1 | G91: =SUMIFS('Existing vs Saran'!$L$5:$L$210,'Existing vs Saran'!$J$5:$J$210,A91) -> 145.74 | H91: =COUNTIFS('Existing vs Saran'!$N$5:$N$210,A91) -> 2 | I91: =SUMIFS('Existing vs Saran'!$I$5:$I$210,'Existing vs Saran'!$N$5:$N$210,A91) -> 195.85 | J91: =I91-G91 -> 50.11 | K91: =IF(I91=0,"Tidak dipakai",IF(I91>'Parameter & Asumsi'!$B$8,"Berlebih",IF(I91<100,"Ringan","Wajar"))) -> Wajar
A92: 401 | B92: Sri Hati Putri | C92: PPL existing | D92: 4 | E92: X KOTO DIATAS | F92: =COUNTIFS('Existing vs Saran'!$J$5:$J$210,A92) -> 1 | G92: =SUMIFS('Existing vs Saran'!$L$5:$L$210,'Existing vs Saran'!$J$5:$J$210,A92) -> 193.51 | H92: =COUNTIFS('Existing vs Saran'!$N$5:$N$210,A92) -> 1 | I92: =SUMIFS('Existing vs Saran'!$I$5:$I$210,'Existing vs Saran'!$N$5:$N$210,A92) -> 193.51 | J92: =I92-G92 -> 0 | K92: =IF(I92=0,"Tidak dipakai",IF(I92>'Parameter & Asumsi'!$B$8,"Berlebih",IF(I92<100,"Ringan","Wajar"))) -> Wajar
A93: 409 | B93: Agri renta falusia | C93: PPL existing | D93: 3 | E93: X KOTO SINGKARAK | F93: =COUNTIFS('Existing vs Saran'!$J$5:$J$210,A93) -> 1 | G93: =SUMIFS('Existing vs Saran'!$L$5:$L$210,'Existing vs Saran'!$J$5:$J$210,A93) -> 135.83 | H93: =COUNTIFS('Existing vs Saran'!$N$5:$N$210,A93) -> 2 | I93: =SUMIFS('Existing vs Saran'!$I$5:$I$210,'Existing vs Saran'!$N$5:$N$210,A93) -> 197 | J93: =I93-G93 -> 61.17 | K93: =IF(I93=0,"Tidak dipakai",IF(I93>'Parameter & Asumsi'!$B$8,"Berlebih",IF(I93<100,"Ringan","Wajar"))) -> Wajar
A94: 411 | B94: Amelia | C94: Nama diminta admin | D94: 5 | E94: X KOTO SINGKARAK | F94: =COUNTIFS('Existing vs Saran'!$J$5:$J$210,A94) -> 0 | G94: =SUMIFS('Existing vs Saran'!$L$5:$L$210,'Existing vs Saran'!$J$5:$J$210,A94) -> 0 | H94: =COUNTIFS('Existing vs Saran'!$N$5:$N$210,A94) -> 1 | I94: =SUMIFS('Existing vs Saran'!$I$5:$I$210,'Existing vs Saran'!$N$5:$N$210,A94) -> 216.67 | J94: =I94-G94 -> 216.67 | K94: =IF(I94=0,"Tidak dipakai",IF(I94>'Parameter & Asumsi'!$B$8,"Berlebih",IF(I94<100,"Ringan","Wajar"))) -> Wajar | L94: Diminta admin dijadikan PPL
A95: 413 | B95: Annisa Suryani | C95: Nama diminta admin | D95: 4 | E95: X KOTO SINGKARAK | F95: =COUNTIFS('Existing vs Saran'!$J$5:$J$210,A95) -> 0 | G95: =SUMIFS('Existing vs Saran'!$L$5:$L$210,'Existing vs Saran'!$J$5:$J$210,A95) -> 0 | H95: =COUNTIFS('Existing vs Saran'!$N$5:$N$210,A95) -> 2 | I95: =SUMIFS('Existing vs Saran'!$I$5:$I$210,'Existing vs Saran'!$N$5:$N$210,A95) -> 216.55 | J95: =I95-G95 -> 216.55 | K95: =IF(I95=0,"Tidak dipakai",IF(I95>'Parameter & Asumsi'!$B$8,"Berlebih",IF(I95<100,"Ringan","Wajar"))) -> Wajar | L95: Diminta admin dijadikan PPL
A96: 416 | B96: Bayu pratama | C96: PPL existing | D96: 3 | E96: X KOTO SINGKARAK | F96: =COUNTIFS('Existing vs Saran'!$J$5:$J$210,A96) -> 1 | G96: =SUMIFS('Existing vs Saran'!$L$5:$L$210,'Existing vs Saran'!$J$5:$J$210,A96) -> 78.68 | H96: =COUNTIFS('Existing vs Saran'!$N$5:$N$210,A96) -> 2 | I96: =SUMIFS('Existing vs Saran'!$I$5:$I$210,'Existing vs Saran'!$N$5:$N$210,A96) -> 218.39 | J96: =I96-G96 -> 139.71 | K96: =IF(I96=0,"Tidak dipakai",IF(I96>'Parameter & Asumsi'!$B$8,"Berlebih",IF(I96<100,"Ringan","Wajar"))) -> Wajar
A97: 419 | B97: DANA NOKELADIO | C97: PPL existing (tanpa wilayah) | D97: 4 | E97: X KOTO SINGKARAK | F97: =COUNTIFS('Existing vs Saran'!$J$5:$J$210,A97) -> 0 | G97: =SUMIFS('Existing vs Saran'!$L$5:$L$210,'Existing vs Saran'!$J$5:$J$210,A97) -> 0 | H97: =COUNTIFS('Existing vs Saran'!$N$5:$N$210,A97) -> 0 | I97: =SUMIFS('Existing vs Saran'!$I$5:$I$210,'Existing vs Saran'!$N$5:$N$210,A97) -> 0 | J97: =I97-G97 -> 0 | K97: =IF(I97=0,"Tidak dipakai",IF(I97>'Parameter & Asumsi'!$B$8,"Berlebih",IF(I97<100,"Ringan","Wajar"))) -> Tidak dipakai | L97: Ikut kegiatan lain (SPDT NTP 2026) -> diganti; tidak punya wilayah (sarankan cabut peran PPL)
A98: 420 | B98: Dara muhaima febriana | C98: PPL existing | D98: 4 | E98: X KOTO SINGKARAK | F98: =COUNTIFS('Existing vs Saran'!$J$5:$J$210,A98) -> 2 | G98: =SUMIFS('Existing vs Saran'!$L$5:$L$210,'Existing vs Saran'!$J$5:$J$210,A98) -> 485.39 | H98: =COUNTIFS('Existing vs Saran'!$N$5:$N$210,A98) -> 2 | I98: =SUMIFS('Existing vs Saran'!$I$5:$I$210,'Existing vs Saran'!$N$5:$N$210,A98) -> 198.94 | J98: =I98-G98 -> -286.45 | K98: =IF(I98=0,"Tidak dipakai",IF(I98>'Parameter & Asumsi'!$B$8,"Berlebih",IF(I98<100,"Ringan","Wajar"))) -> Wajar
A99: 426 | B99: Ira Wahyuni | C99: PPL existing | D99: 4 | E99: X KOTO SINGKARAK | F99: =COUNTIFS('Existing vs Saran'!$J$5:$J$210,A99) -> 3 | G99: =SUMIFS('Existing vs Saran'!$L$5:$L$210,'Existing vs Saran'!$J$5:$J$210,A99) -> 179.39 | H99: =COUNTIFS('Existing vs Saran'!$N$5:$N$210,A99) -> 4 | I99: =SUMIFS('Existing vs Saran'!$I$5:$I$210,'Existing vs Saran'!$N$5:$N$210,A99) -> 214.08 | J99: =I99-G99 -> 34.69 | K99: =IF(I99=0,"Tidak dipakai",IF(I99>'Parameter & Asumsi'!$B$8,"Berlebih",IF(I99<100,"Ringan","Wajar"))) -> Wajar
A100: 428 | B100: Jahar Nas | C100: PPL existing | E100: X KOTO SINGKARAK | F100: =COUNTIFS('Existing vs Saran'!$J$5:$J$210,A100) -> 4 | G100: =SUMIFS('Existing vs Saran'!$L$5:$L$210,'Existing vs Saran'!$J$5:$J$210,A100) -> 171.9 | H100: =COUNTIFS('Existing vs Saran'!$N$5:$N$210,A100) -> 5 | I100: =SUMIFS('Existing vs Saran'!$I$5:$I$210,'Existing vs Saran'!$N$5:$N$210,A100) -> 217.5 | J100: =I100-G100 -> 45.6 | K100: =IF(I100=0,"Tidak dipakai",IF(I100>'Parameter & Asumsi'!$B$8,"Berlebih",IF(I100<100,"Ringan","Wajar"))) -> Wajar
A101: 432 | B101: M. Hafizh Dinu Aulia | C101: PPL existing | D101: 4 | E101: X KOTO SINGKARAK | F101: =COUNTIFS('Existing vs Saran'!$J$5:$J$210,A101) -> 4 | G101: =SUMIFS('Existing vs Saran'!$L$5:$L$210,'Existing vs Saran'!$J$5:$J$210,A101) -> 236.38 | H101: =COUNTIFS('Existing vs Saran'!$N$5:$N$210,A101) -> 3 | I101: =SUMIFS('Existing vs Saran'!$I$5:$I$210,'Existing vs Saran'!$N$5:$N$210,A101) -> 181.65 | J101: =I101-G101 -> -54.73 | K101: =IF(I101=0,"Tidak dipakai",IF(I101>'Parameter & Asumsi'!$B$8,"Berlebih",IF(I101<100,"Ringan","Wajar"))) -> Wajar
...

Sheet Ganti Bentrok
A1: Ganti Calon: PPL existing yang ikut kegiatan lain
A2: Catatan lama 'sudah diplot tapi ikut kegiatan lain, perlu konfirmasi ulang' diganti: wilayahnya dicarikan calon lain. Tidak ada perubahan otomatis di sistem.
A4: PPL Existing (bentrok) | B4: ID | C4: Kegiatan Lain | D4: Wilayah Dipegang (Sub SLS) | E4: Beban Existing (skor) | F4: Wilayah (Sub SLS) | G4: Kecamatan / Nagari | H4: Skor Unit | I4: Pengganti Disarankan | J4: Jarak (km) | K4: Sumber Pengganti | L4: Catatan
A5: DANA NOKELADIO | B5: 419 | C5: SPDT NTP 2026 | D5: 0 | E5: 0 | F5: - | G5: - | I5: - | K5: - | L5: Belum punya wilayah di plotting. Disarankan cabut peran PPL / tandai tidak dipakai di bencana.
A6: ELSI FEBRIANI | B6: 160 | C6: SPDT NTP 2026 | D6: 2 | E6: 311.3 | F6: JORONG GANDO /03 | G6: JUNJUNG SIRIH / PANINGGAHAN | H6: 155.29 | I6: Julia Lara Zamzamy | J6: 40.118008 | K6: Rekrut baru
A7: ELSI FEBRIANI | B7: 160 | C7: SPDT NTP 2026 | D7: 2 | E7: 311.3 | F7: JORONG GANDO /04 | G7: JUNJUNG SIRIH / PANINGGAHAN | H7: 155.97 | I7: Badrizal | J7: 48.031916 | K7: Rekrut baru
A8: Norlizah | B8: 112 | C8: SPDT NTP 2026 | D8: 3 | E8: 136.8 | F8: JORONG LURAH NAN TIGO /04 | G8: KUBUNG / SELAYO | H8: 42.57 | I8: ANIKE PUTRI | J8: 2.2200008 | K8: Nama diminta admin | L8: Ditetapkan sbg PPL (permintaan admin); jarak 2.2 km
A9: Norlizah | B9: 112 | C9: SPDT NTP 2026 | D9: 3 | E9: 136.8 | F9: JORONG LURAH NAN TIGO /05 | G9: KUBUNG / SELAYO | H9: 50.47 | I9: ANIKE PUTRI | J9: 2.6548086 | K9: Nama diminta admin | L9: Ditetapkan sbg PPL (permintaan admin); jarak 2.7 km
A10: Norlizah | B10: 112 | C10: SPDT NTP 2026 | D10: 3 | E10: 136.8 | F10: JORONG LURAH NAN TIGO /09 | G10: KUBUNG / SELAYO | H10: 43.76 | I10: ANIKE PUTRI | J10: 2.1506933 | K10: Nama diminta admin | L10: Ditetapkan sbg PPL (permintaan admin); jarak 2.2 km
A11: Rona Afriyeni | B11: 355 | C11: SPDT NTP 2026 | D11: 0 | E11: 0 | F11: - | G11: - | I11: - | K11: - | L11: Belum punya wilayah di plotting. Disarankan cabut peran PPL / tandai tidak dipakai di bencana.

Sheet Direktori Petugas
A1: Direktori Seluruh Petugas dengan Status pada Saran Versi 2
A2: Satu baris per petugas di master (467). Filter kolom 'Status pada Saran' untuk melihat cadangan rekrut, calon PML, dll.
A4: ID | B4: Nama | C4: Status Kepegawaian | D4: Status pada Saran | E4: Nilai Kinerja | F4: Kecamatan | G4: Nagari | H4: Lokasi Domisili | I4: Daftar Bencana | J4: Rekomendasi PML | K4: Red Flag | L4: Kegiatan Lain | M4: Beban Saran (skor) | N4: No HP | O4: Catatan Kinerja | P4: Cadangan utk Kec.
A5: 145 | B5: Asmedi Surya | C5: mitra | D5: PPL - baru dari pool | E5: 5 | F5: IX KOTO SUNGAI LASI | G5: SUNGAI JAMBUA | H5: Titik riil | I5: Ya | L5: PES SE2026 | M5: =SUMIFS('Existing vs Saran'!$I$5:$I$210,'Existing vs Saran'!$N$5:$N$210,A5) -> 127.5 | N5: +6285236070584 | O5: bertanggungjawab dalam melaksanakan tugas
A6: 269 | B6: HANIFAH TURAHMI | C6: mitra | D6: PPL - baru dari pool | E6: 5 | F6: LEMBAH GUMANTI | G6: AIE DINGIN | H6: Perkiraan (nagari) | I6: Ya | M6: =SUMIFS('Existing vs Saran'!$I$5:$I$210,'Existing vs Saran'!$N$5:$N$210,A6) -> 104.77 | N6: +6285263809756 | O6: Kinerjanya Lumayan bagus
A7: 319 | B7: IDORA ATIA | C7: mitra | D7: PPL - baru dari pool | E7: 4 | F7: LEMBANG JAYA | G7: KOTO ANAU | H7: Titik riil | I7: Ya | M7: =SUMIFS('Existing vs Saran'!$I$5:$I$210,'Existing vs Saran'!$N$5:$N$210,A7) -> 154.27 | N7: +62895325906513 | O7: bisa dibina, cocok dg PML yang tegas
A8: 277 | B8: Lara Febria Sari | C8: mitra | D8: PPL - baru dari pool | E8: 5 | F8: LEMBAH GUMANTI | G8: ALAHAN PANJANG | H8: Perkiraan (kecamatan) | I8: Ya | L8: PES SE2026 | M8: =SUMIFS('Existing vs Saran'!$I$5:$I$210,'Existing vs Saran'!$N$5:$N$210,A8) -> 163.28 | N8: +628127087334 | O8: telah menyelesaikan tugas tepat waktu dan sudah clean bagus untuk PML
A9: 439 | B9: Nurul vani fatia | C9: mitra | D9: PPL - baru dari pool | E9: 4 | F9: X KOTO SINGKARAK | G9: KACANG | H9: Titik riil | I9: Ya | M9: =SUMIFS('Existing vs Saran'!$I$5:$I$210,'Existing vs Saran'!$N$5:$N$210,A9) -> 214.67 | N9: +6285187172026 | O9: Melakukan Pekerjaan dengan tepat waktu
A10: 116 | B10: PUSPITA PUTRI | C10: mitra | D10: PPL - baru dari pool | E10: 4 | F10: GUNUNG TALANG | G10: CUPAK | H10: Perkiraan (nagari) | I10: Ya | L10: PES SE2026 | M10: =SUMIFS('Existing vs Saran'!$I$5:$I$210,'Existing vs Saran'!$N$5:$N$210,A10) -> 155.61 | N10: +6281277810008 | O10: Bisa terbilang cepat untuk pendataan, dan paham pengerjaan anomali.
A11: 156 | B11: Wirastri Widuri | C11: mitra | D11: PPL - baru dari pool | E11: 5 | F11: IX KOTO SUNGAI LASI | G11: GUGUAK SARAI | H11: Titik riil | I11: Ya | M11: =SUMIFS('Existing vs Saran'!$I$5:$I$210,'Existing vs Saran'!$N$5:$N$210,A11) -> 127.57 | N11: +6282386450982 | O11: bertanggungjawab dalam melaksanakan tugas
A12: 409 | B12: Agri renta falusia | C12: mitra | D12: PPL - existing (dipertahankan) | E12: 3 | F12: X KOTO SINGKARAK | G12: SINGKARAK | H12: Titik riil | I12: Ya | M12: =SUMIFS('Existing vs Saran'!$I$5:$I$210,'Existing vs Saran'!$N$5:$N$210,A12) -> 197 | N12: +6288279281787 | O12: Masih kurang pemahaman dan tanggung jawab
A13: 174 | B13: Anggun Rahma Fajar | C13: mitra | D13: PPL - existing (dipertahankan) | E13: 4 | F13: KUBUNG | G13: KOTO BARU | H13: Titik riil | I13: Ya | M13: =SUMIFS('Existing vs Saran'!$I$5:$I$210,'Existing vs Saran'!$N$5:$N$210,A13) -> 166.26 | N13: +6282285315252 | O13: Standar seperti mitra pada umumnya
A14: 158 | B14: Aniza Nurzanah | C14: mitra | D14: PPL - existing (dipertahankan) | E14: 5 | F14: JUNJUNG SIRIH | G14: MUARO PINGAI | H14: Titik riil | I14: Ya | M14: =SUMIFS('Existing vs Saran'!$I$5:$I$210,'Existing vs Saran'!$N$5:$N$210,A14) -> 209.81 | N14: +6282136302985 | O14: bertanggungjawab dalam melaksanakan tugas
A15: 74 | B15: Ayang Syafriani | C15: mitra | D15: PPL - existing (dipertahankan) | E15: 5 | F15: GUNUNG TALANG | G15: TALANG | H15: Titik riil | I15: Ya | M15: =SUMIFS('Existing vs Saran'!$I$5:$I$210,'Existing vs Saran'!$N$5:$N$210,A15) -> 146.14 | N15: +6283157632112 | O15: Tanggung jawab, saling koordinasi, suka bantu dan disiplin
A16: 416 | B16: Bayu pratama | C16: mitra | D16: PPL - existing (dipertahankan) | E16: 3 | F16: X KOTO SINGKARAK | G16: SUMANI | H16: Titik riil | I16: Ya | M16: =SUMIFS('Existing vs Saran'!$I$5:$I$210,'Existing vs Saran'!$N$5:$N$210,A16) -> 218.39 | N16: +6281311144431 | O16: Melakukan pekerjaan dengan kurang tepat waktu
A17: 179 | B17: Biki Wabihamdika | C17: mitra | D17: PPL - existing (dipertahankan) | E17: 3 | F17: KUBUNG | G17: GANTUANG CIRI | H17: Titik riil | I17: Ya | M17: =SUMIFS('Existing vs Saran'!$I$5:$I$210,'Existing vs Saran'!$N$5:$N$210,A17) -> 151.94 | N17: +6285363471771 | O17: Biasa saja, tapi kalau didesak mudah emosi
A18: 78 | B18: Clara Amelya Hendres | C18: mitra | D18: PPL - existing (dipertahankan) | E18: 5 | F18: GUNUNG TALANG | G18: JAWI-JAWI GUGUAK | H18: Titik riil | I18: Ya | L18: PES SE2026 | M18: =SUMIFS('Existing vs Saran'!$I$5:$I$210,'Existing vs Saran'!$N$5:$N$210,A18) -> 204.54 | N18: +6285191068735 | O18: Cekatan, disiplin, pandai ambil strategi di lapangan, pantang mundur
A19: 420 | B19: Dara muhaima febriana | C19: mitra | D19: PPL - existing (dipertahankan) | E19: 4 | F19: X KOTO SINGKARAK | G19: KACANG | H19: Titik riil | I19: Ya | M19: =SUMIFS('Existing vs Saran'!$I$5:$I$210,'Existing vs Saran'!$N$5:$N$210,A19) -> 198.94 | N19: +6281372464259 | O19: Melakukan pekerjaan dengan tepat waktu
A20: 181 | B20: Defitra Yeni | C20: mitra | D20: PPL - existing (dipertahankan) | E20: 4 | F20: KUBUNG | G20: KOTO BARU | H20: Titik riil | I20: Ya | M20: =SUMIFS('Existing vs Saran'!$I$5:$I$210,'Existing vs Saran'!$N$5:$N$210,A20) -> 144.3 | N20: +6285274146565 | O20: Oke- oke aja, boleh dicoba
A21: 82 | B21: Dhini oktaviani | C21: mitra | D21: PPL - existing (dipertahankan) | E21: 4 | F21: GUNUNG TALANG | G21: CUPAK | H21: Titik riil | I21: Ya | L21: PES SE2026 | M21: =SUMIFS('Existing vs Saran'!$I$5:$I$210,'Existing vs Saran'!$N$5:$N$210,A21) -> 185.32 | N21: +6282285112903 | O21: Cekatan, pandai bagi waktu dan selalu berkordinasi
A22: 83 | B22: Diana Endang Pratiwi | C22: mitra | D22: PPL - existing (dipertahankan) | E22: 4 | F22: GUNUNG TALANG | G22: BATANG BARUS | H22: Titik riil | I22: Ya | M22: =SUMIFS('Existing vs Saran'!$I$5:$I$210,'Existing vs Saran'!$N$5:$N$210,A22) -> 86.03 | N22: +6285375955011 | O22: Kurang percaya diri, tanggung jawab, Disiplin
A23: 184 | B23: Eka ramadani | C23: mitra | D23: PPL - existing (dipertahankan) | E23: 4 | F23: KUBUNG | G23: SELAYO | H23: Titik riil | I23: Ya | M23: =SUMIFS('Existing vs Saran'!$I$5:$I$210,'Existing vs Saran'!$N$5:$N$210,A23) -> 116.27 | N23: +6289523016352 | O23: Oke-oke aja, tapi agak vokal
A24: 342 | B24: Elvika oktasari | C24: mitra | D24: PPL - existing (dipertahankan) | E24: 5 | F24: PANTAI CERMIN | G24: SURIAN | H24: Titik riil | I24: Ya | M24: =SUMIFS('Existing vs Saran'!$I$5:$I$210,'Existing vs Saran'!$N$5:$N$210,A24) -> 52.92 | N24: +6281268965390 | O24: Kinerjanya Lumayan bagus
A25: 22 | B25: Elvira Okzayenti | C25: mitra | D25: PPL - existing (dipertahankan) | E25: 5 | F25: BUKIT SUNDI | G25: MUARO PANEH | H25: Titik riil | I25: Ya | L25: PES SE2026 | M25: =SUMIFS('Existing vs Saran'!$I$5:$I$210,'Existing vs Saran'!$N$5:$N$210,A25) -> 105.26 | N25: +6281366849669 | O25: konsep oke, tanggungjawab
A26: 185 | B26: Farah Sahara | C26: mitra | D26: PPL - existing (dipertahankan) | E26: 3 | F26: KUBUNG | G26: PANYAKALAN | H26: Titik riil | I26: Ya | M26: =SUMIFS('Existing vs Saran'!$I$5:$I$210,'Existing vs Saran'!$N$5:$N$210,A26) -> 138.59 | N26: +6285213953564 | O26: Agak asbun dan ngeyel
A27: 49 | B27: FEBRIA RAMANITA | C27: mitra | D27: PPL - existing (dipertahankan) | E27: 4 | F27: DANAU KEMBAR | G27: SIMPANG TANJUANG NAN IV | H27: Titik riil | I27: Ya | L27: PES SE2026 | M27: =SUMIFS('Existing vs Saran'!$I$5:$I$210,'Existing vs Saran'!$N$5:$N$210,A27) -> 145.52 | N27: +6282285667927 | O27: Kinerjanya Lumayan bagus
A28: 390 | B28: FENNY ANDA LISTI | C28: mitra | D28: PPL - existing (dipertahankan) | E28: 5 | F28: X KOTO DIATAS | G28: PANINJAUAN | H28: Titik riil | I28: Ya | M28: =SUMIFS('Existing vs Saran'!$I$5:$I$210,'Existing vs Saran'!$N$5:$N$210,A28) -> 213.44 | N28: +6282170431303 | O28: bertanggungjawab dalam melaksanakan tugas
A29: 188 | B29: Fikri Mardiyani | C29: mitra | D29: PPL - existing (dipertahankan) | E29: 2 | F29: KUBUNG | G29: TANJUANG BINGKUANG | H29: Titik riil | I29: Ya | M29: =SUMIFS('Existing vs Saran'!$I$5:$I$210,'Existing vs Saran'!$N$5:$N$210,A29) -> 215.35 | N29: +6288271538973 | O29: Banyak protes padahal beban kerja sedikit, kasihan PML
A30: 190 | B30: Fuji erizka | C30: mitra | D30: PPL - existing (dipertahankan) | E30: 3 | F30: KUBUNG | G30: KOTO BARU | H30: Titik riil | I30: Ya | M30: =SUMIFS('Existing vs Saran'!$I$5:$I$210,'Existing vs Saran'!$N$5:$N$210,A30) -> 143.15 | N30: +6285126568146 | O30: Tidak terlalu buruk tapi kurang
A31: 267 | B31: Gusna Wirda | C31: mitra | D31: PPL - existing (dipertahankan) | E31: 5 | F31: LEMBAH GUMANTI | G31: AIE DINGIN | H31: Titik riil | I31: Ya | M31: =SUMIFS('Existing vs Saran'!$I$5:$I$210,'Existing vs Saran'!$N$5:$N$210,A31) -> 208.2 | N31: +6281374148038 | O31: telah menyelesaikan tugas tepat waktu
A32: 94 | B32: Indri septiadi | C32: mitra | D32: PPL - existing (dipertahankan) | E32: 5 | F32: GUNUNG TALANG | G32: TALANG | H32: Titik riil | I32: Ya | M32: =SUMIFS('Existing vs Saran'!$I$5:$I$210,'Existing vs Saran'!$N$5:$N$210,A32) -> 150.28 | N32: +6282285049476 | O32: Disiplin, Tanggung jawab, Gesit, pantang mundur
A33: 426 | B33: Ira Wahyuni | C33: mitra | D33: PPL - existing (dipertahankan) | E33: 4 | F33: X KOTO SINGKARAK | G33: TIKALAK | H33: Titik riil | I33: Ya | M33: =SUMIFS('Existing vs Saran'!$I$5:$I$210,'Existing vs Saran'!$N$5:$N$210,A33) -> 214.08 | N33: +6283164675622 | O33: Melakukan pekerjaan dengan tanggung jawab dan tepat waktu
A34: 428 | B34: Jahar Nas | C34: mitra | D34: PPL - existing (dipertahankan) | F34: X KOTO SINGKARAK | G34: KOTO SANI | H34: Titik riil | I34: Ya | M34: =SUMIFS('Existing vs Saran'!$I$5:$I$210,'Existing vs Saran'!$N$5:$N$210,A34) -> 217.5 | N34: +6282391381273
A35: 432 | B35: M. Hafizh Dinu Aulia | C35: mitra | D35: PPL - existing (dipertahankan) | E35: 4 | F35: X KOTO SINGKARAK | G35: KACANG | H35: Titik riil | I35: Ya | L35: PES SE2026 | M35: =SUMIFS('Existing vs Saran'!$I$5:$I$210,'Existing vs Saran'!$N$5:$N$210,A35) -> 181.65 | N35: +6281272308650 | O35: Melakukan pekerjaan dengan tepat waktu
A36: 101 | B36: Mardiati | C36: mitra | D36: PPL - existing (dipertahankan) | E36: 5 | F36: GUNUNG TALANG | G36: KOTO GADANG GUGUAK | H36: Titik riil | I36: Ya | M36: =SUMIFS('Existing vs Saran'!$I$5:$I$210,'Existing vs Saran'!$N$5:$N$210,A36) -> 134.8 | N36: +6281270186117 | O36: Tanggung jawab, bahasa yang bagus dalam pendataan, Disiplin, suka menolong
A37: 164 | B37: MINDA SUSANTI | C37: mitra | D37: PPL - existing (dipertahankan) | E37: 5 | F37: JUNJUNG SIRIH | G37: PANINGGAHAN | H37: Titik riil | I37: Ya | M37: =SUMIFS('Existing vs Saran'!$I$5:$I$210,'Existing vs Saran'!$N$5:$N$210,A37) -> 196.76 | N37: +6282288003542 | O37: bertanggungjawab dalam melaksanakan tugas
A38: 394 | B38: Mira apridayanti | C38: mitra | D38: PPL - existing (dipertahankan) | E38: 5 | F38: X KOTO DIATAS | G38: KATIALO | H38: Titik riil | I38: Ya | M38: =SUMIFS('Existing vs Saran'!$I$5:$I$210,'Existing vs Saran'!$N$5:$N$210,A38) -> 199.46 | N38: +6285364150043 | O38: bertanggungjawab dalam melaksanakan tugas
A39: 102 | B39: Mirvan Harvia | C39: mitra | D39: PPL - existing (dipertahankan) | E39: 5 | F39: GUNUNG TALANG | G39: TALANG | H39: Titik riil | I39: Ya | M39: =SUMIFS('Existing vs Saran'!$I$5:$I$210,'Existing vs Saran'!$N$5:$N$210,A39) -> 146.55 | N39: +6289673555367 | O39: Disiplin, bertanggung jawab, kolaborasi, gesit, pantang menyerah
A40: 27 | B40: muhamad iqbal | C40: mitra | D40: PPL - existing (dipertahankan) | E40: 5 | F40: BUKIT SUNDI | G40: KINARI | H40: Titik riil | I40: Ya | M40: =SUMIFS('Existing vs Saran'!$I$5:$I$210,'Existing vs Saran'!$N$5:$N$210,A40) -> 213.61 | N40: +6282246989512 | O40: rajin, paham konsep, bisa lintas
A41: 106 | B41: Mustika Sari | C41: mitra | D41: PPL - existing (dipertahankan) | E41: 5 | F41: GUNUNG TALANG | G41: KOTO GAEK GUGUAK | H41: Titik riil | I41: Ya | M41: =SUMIFS('Existing vs Saran'!$I$5:$I$210,'Existing vs Saran'!$N$5:$N$210,A41) -> 69.68 | N41: +6285274912493 | O41: Disiplin, suka bantu, tanggung jawab, pantang mundur
A42: 31 | B42: Nadia wati | C42: mitra | D42: PPL - existing (dipertahankan) | E42: 5 | F42: BUKIT SUNDI | G42: MUARO PANEH | H42: Titik riil | I42: Ya | L42: PES SE2026 | M42: =SUMIFS('Existing vs Saran'!$I$5:$I$210,'Existing vs Saran'!$N$5:$N$210,A42) -> 124.26 | N42: +6282386953713 | O42: pintar, bisa untuk survei basis rumah tangga, gigih
A43: 107 | B43: NAILA SABATINI | C43: mitra | D43: PPL - existing (dipertahankan) | E43: 5 | F43: GUNUNG TALANG | G43: CUPAK | H43: Titik riil | I43: Ya | M43: =SUMIFS('Existing vs Saran'!$I$5:$I$210,'Existing vs Saran'!$N$5:$N$210,A43) -> 214.82 | N43: +6282288598933 | O43: Gesit, Cekatan dan tanggung jawab
A44: 108 | B44: NANDA WESTIA ADE NINGSIH | C44: mitra | D44: PPL - existing (dipertahankan) | E44: 5 | F44: GUNUNG TALANG | G44: KOTO GAEK GUGUAK | H44: Titik riil | I44: Ya | M44: =SUMIFS('Existing vs Saran'!$I$5:$I$210,'Existing vs Saran'!$N$5:$N$210,A44) -> 85.5 | N44: +6281371311527 | O44: Saling Kordinasi, Tanggung jawab, berkordinasi, pantang mundur
A45: 210 | B45: Nelva Roza Oktakia | C45: mitra | D45: PPL - existing (dipertahankan) | E45: 4 | F45: KUBUNG | G45: SELAYO | H45: Titik riil | I45: Ya | M45: =SUMIFS('Existing vs Saran'!$I$5:$I$210,'Existing vs Saran'!$N$5:$N$210,A45) -> 121.28 | N45: +6282171992943 | O45: Oke-oke aja, bisa dicoba
A46: 152 | B46: NILAM SITARESMI CAHYONO | C46: mitra | D46: PPL - existing (dipertahankan) | E46: 5 | F46: IX KOTO SUNGAI LASI | G46: GUGUAK SARAI | H46: Titik riil | I46: Ya | M46: =SUMIFS('Existing vs Saran'!$I$5:$I$210,'Existing vs Saran'!$N$5:$N$210,A46) -> 122.52 | N46: +6282382842793 | O46: bertanggungjawab dalam melaksanakan tugas
A47: 111 | B47: nopi nofila | C47: mitra | D47: PPL - existing (dipertahankan) | E47: 5 | F47: GUNUNG TALANG | G47: KOTO GADANG GUGUAK | H47: Titik riil | I47: Ya | M47: =SUMIFS('Existing vs Saran'!$I$5:$I$210,'Existing vs Saran'!$N$5:$N$210,A47) -> 145.99 | N47: +6282285986698 | O47: Tanggung jawab, saling kordinasi, Disiplin, pantang mundur
A48: 437 | B48: Novi Endria Jhoni | C48: mitra | D48: PPL - existing (dipertahankan) | E48: 4 | F48: X KOTO SINGKARAK | G48: KACANG | H48: Titik riil | I48: Ya | M48: =SUMIFS('Existing vs Saran'!$I$5:$I$210,'Existing vs Saran'!$N$5:$N$210,A48) -> 165.81 | N48: +6282288714041 | O48: Melakukan pekerjaan dengan tepat waktu
A49: 438 | B49: Nur Aisyah | C49: mitra | D49: PPL - existing (dipertahankan) | E49: 4 | F49: X KOTO SINGKARAK | G49: ARIPAN | H49: Titik riil | I49: Ya | L49: PES SE2026 | M49: =SUMIFS('Existing vs Saran'!$I$5:$I$210,'Existing vs Saran'!$N$5:$N$210,A49) -> 217.83 | N49: +6282268555992 | O49: Melakukan pekerjaan dengan tepat waktu
A50: 117 | B50: putri nasriati | C50: mitra | D50: PPL - existing (dipertahankan) | E50: 5 | F50: GUNUNG TALANG | G50: BATANG BARUS | H50: Titik riil | I50: Ya | M50: =SUMIFS('Existing vs Saran'!$I$5:$I$210,'Existing vs Saran'!$N$5:$N$210,A50) -> 78.82 | N50: +6281276725914 | O50: Tanggap, Gesit, berkordinasi dengan baik
A51: 219 | B51: Ranu Artysanda | C51: mitra | D51: PPL - existing (dipertahankan) | E51: 4 | F51: KUBUNG | G51: KOTO BARU | H51: Titik riil | I51: Ya | L51: PES SE2026 | M51: =SUMIFS('Existing vs Saran'!$I$5:$I$210,'Existing vs Saran'!$N$5:$N$210,A51) -> 129.58 | N51: +6281266886204 | O51: Bisa tapi perlu diingatkan
A52: 166 | B52: Reni Fatriani | C52: mitra | D52: PPL - existing (dipertahankan) | E52: 5 | F52: JUNJUNG SIRIH | G52: PANINGGAHAN | H52: Titik riil | I52: Ya | M52: =SUMIFS('Existing vs Saran'!$I$5:$I$210,'Existing vs Saran'!$N$5:$N$210,A52) -> 191.99 | N52: +6281261728253 | O52: bertanggungjawab dalam melaksanakan tugas
A53: 466 | B53: Rini Nofsiska Sari | C53: mitra | D53: PPL - existing (dipertahankan) | F53: JUNJUNG SIRIH | H53: Perkiraan (kecamatan) | I53: Ya | M53: =SUMIFS('Existing vs Saran'!$I$5:$I$210,'Existing vs Saran'!$N$5:$N$210,A53) -> 219.12
A54: 442 | B54: Rivo Nofri Armon | C54: mitra | D54: PPL - existing (dipertahankan) | E54: 4 | F54: X KOTO SINGKARAK | G54: TIKALAK | H54: Titik riil | I54: Ya | M54: =SUMIFS('Existing vs Saran'!$I$5:$I$210,'Existing vs Saran'!$N$5:$N$210,A54) -> 203.88 | N54: +6288708273993 | O54: Melakukan pekerjaan dengan tanggung jawab dan tepat waktu
A55: 167 | B55: ROBI ALVIAN | C55: mitra | D55: PPL - existing (dipertahankan) | E55: 5 | F55: JUNJUNG SIRIH | G55: MUARO PINGAI | H55: Titik riil | I55: Ya | M55: =SUMIFS('Existing vs Saran'!$I$5:$I$210,'Existing vs Saran'!$N$5:$N$210,A55) -> 213.09 | N55: +6282384030463 | O55: bertanggungjawab dalam melaksanakan tugas
A56: 400 | B56: Salsa Billa Duwita Putri | C56: mitra | D56: PPL - existing (dipertahankan) | E56: 4 | F56: X KOTO DIATAS | G56: PANINJAUAN | H56: Titik riil | I56: Ya | M56: =SUMIFS('Existing vs Saran'!$I$5:$I$210,'Existing vs Saran'!$N$5:$N$210,A56) -> 195.85 | N56: +6282172912647 | O56: bertanggungjawab dalam melaksanakan tugas
A57: 122 | B57: Sonya aldes fatma | C57: mitra | D57: PPL - existing (dipertahankan) | E57: 4 | F57: GUNUNG TALANG | G57: BATANG BARUS | H57: Titik riil | I57: Ya | M57: =SUMIFS('Existing vs Saran'!$I$5:$I$210,'Existing vs Saran'!$N$5:$N$210,A57) -> 127.15 | N57: +6285191087032 | O57: Tanggung jawab, kurang suka membantu, disiplin
A58: 401 | B58: Sri Hati Putri | C58: mitra | D58: PPL - existing (dipertahankan) | E58: 4 | F58: X KOTO DIATAS | G58: SULIK AIA | H58: Titik riil | I58: Ya | L58: PES SE2026 | M58: =SUMIFS('Existing vs Saran'!$I$5:$I$210,'Existing vs Saran'!$N$5:$N$210,A58) -> 193.51 | N58: +6289530603898 | O58: bertanggungjawab dalam melaksanakan tugas
A59: 229 | B59: Sri wahyuni | C59: mitra | D59: PPL - existing (dipertahankan) | E59: 4 | F59: KUBUNG | G59: SAOK LAWEH | H59: Titik riil | I59: Ya | M59: =SUMIFS('Existing vs Saran'!$I$5:$I$210,'Existing vs Saran'!$N$5:$N$210,A59) -> 113.07 | O59: Oke-oke aja, standar
A60: 125 | B60: Valina alsisri | C60: mitra | D60: PPL - existing (dipertahankan) | E60: 5 | F60: GUNUNG TALANG | G60: KOTO GADANG GUGUAK | H60: Titik riil | I60: Ya | M60: =SUMIFS('Existing vs Saran'!$I$5:$I$210,'Existing vs Saran'!$N$5:$N$210,A60) -> 81.8 | N60: +6282288879380 | O60: Tanggung jawab, Disiplin, berkolaborasi, suka menolong
A61: 302 | B61: Wahyuni Oktavia | C61: mitra | D61: PPL - existing (dipertahankan) | E61: 4 | F61: LEMBAH GUMANTI | G61: AIE DINGIN | H61: Titik riil | I61: Ya | M61: =SUMIFS('Existing vs Saran'!$I$5:$I$210,'Existing vs Saran'!$N$5:$N$210,A61) -> 188.15 | N61: +62895405417187 | O61: telah menyelesaikan tugas tepat waktu
A62: 237 | B62: Yenni Rizka Putri | C62: mitra | D62: PPL - existing (dipertahankan) | E62: 5 | F62: KUBUNG | G62: KOTO BARU | H62: Titik riil | I62: Ya | L62: SKSPPI/SKLNPT/SKTNP/SKNP | M62: =SUMIFS('Existing vs Saran'!$I$5:$I$210,'Existing vs Saran'!$N$5:$N$210,A62) -> 112.94 | N62: +6283112266291 | O62: Bisa diasah dan mau belajar
A63: 238 | B63: Yogi eka Putra | C63: mitra | D63: PPL - existing (dipertahankan) | E63: 3 | F63: KUBUNG | G63: PANYAKALAN | H63: Titik riil | I63: Ya | M63: =SUMIFS('Existing vs Saran'!$I$5:$I$210,'Existing vs Saran'!$N$5:$N$210,A63) -> 209.45 | N63: +6282172327337 | O63: isian kurang, banyak reject PML
A64: 127 | B64: Yola septya syamsi | C64: mitra | D64: PPL - existing (dipertahankan) | E64: 5 | F64: GUNUNG TALANG | G64: KOTO GAEK GUGUAK | H64: Titik riil | I64: Ya | M64: =SUMIFS('Existing vs Saran'!$I$5:$I$210,'Existing vs Saran'!$N$5:$N$210,A64) -> 159.7 | N64: +6282171806551 | O64: Disiplin. Tanggung jawab, berkordinasi, suka bantu
A65: 240 | B65: Yora Komala Sari | C65: mitra | D65: PPL - existing (dipertahankan) | E65: 3 | F65: KUBUNG | G65: KOTO BARU | H65: Titik riil | I65: Ya | M65: =SUMIFS('Existing vs Saran'!$I$5:$I$210,'Existing vs Saran'!$N$5:$N$210,A65) -> 217.56 | N65: +6285274886688 | O65: Kurang sopan dan banyak protes
A66: 129 | B66: Yulia ningsih | C66: mitra | D66: PPL - existing (dipertahankan) | E66: 5 | F66: GUNUNG TALANG | G66: KOTO GAEK GUGUAK | H66: Titik riil | I66: Ya | M66: =SUMIFS('Existing vs Saran'!$I$5:$I$210,'Existing vs Saran'!$N$5:$N$210,A66) -> 83.39 | N66: +6285263774832 | O66: Tanggung jawab, Disiplin, saling bantu, berkordinasi
A67: 450 | B67: Zahria Fitri Andini | C67: mitra | D67: PPL - existing (dipertahankan) | E67: 4 | F67: X KOTO SINGKARAK | G67: KOTO SANI | H67: Titik riil | I67: Ya | M67: =SUMIFS('Existing vs Saran'!$I$5:$I$210,'Existing vs Saran'!$N$5:$N$210,A67) -> 194.1 | N67: +628216123200 | O67: Melakukan pekerjaan dengan tanggung jawab dan tepat waktu
A68: 130 | B68: Zheta Renisa Azani | C68: mitra | D68: PPL - existing (dipertahankan) | E68: 3 | F68: GUNUNG TALANG | G68: JAWI-JAWI GUGUAK | H68: Titik riil | I68: Ya | M68: =SUMIFS('Existing vs Saran'!$I$5:$I$210,'Existing vs Saran'!$N$5:$N$210,A68) -> 216.04 | N68: +6285763788768 | O68: Untuk pendataan biasa saja, oke2 saja
A69: 411 | B69: Amelia | C69: mitra | D69: PPL - nama diminta admin | E69: 5 | F69: X KOTO SINGKARAK | G69: SANIANG BAKA | H69: Perkiraan (nagari) | I69: Ya | J69: Ya | M69: =SUMIFS('Existing vs Saran'!$I$5:$I$210,'Existing vs Saran'!$N$5:$N$210,A69) -> 216.67 | N69: +6282169359854 | O69: bertanggungjawab dalam melaksanakan tugas
A70: 175 | B70: ANIKE PUTRI | C70: mitra | D70: PPL - nama diminta admin | E70: 5 | F70: KUBUNG | G70: KOTO BARU | H70: Titik riil | I70: Ya | J70: Ya | M70: =SUMIFS('Existing vs Saran'!$I$5:$I$210,'Existing vs Saran'!$N$5:$N$210,A70) -> 136.8 | N70: +6283181953864 | O70: Gigih, bertanggung jawab, Disiplin menage waktu
A71: 413 | B71: Annisa Suryani | C71: mitra | D71: PPL - nama diminta admin | E71: 4 | F71: X KOTO SINGKARAK | G71: SINGKARAK | H71: Titik riil | I71: Ya | J71: Ya | M71: =SUMIFS('Existing vs Saran'!$I$5:$I$210,'Existing vs Saran'!$N$5:$N$210,A71) -> 216.55 | N71: +6282329520432 | O71: Melakukan pekerjaan dengan tanggung jawab dan tepat waktu
A72: 419 | B72: DANA NOKELADIO | C72: mitra | D72: Bentrok kegiatan - diganti | E72: 4 | F72: X KOTO SINGKARAK | G72: KOTO SANI | H72: Titik riil | I72: Ya | L72: SPDT NTP 2026 | M72: =SUMIFS('Existing vs Saran'!$I$5:$I$210,'Existing vs Saran'!$N$5:$N$210,A72) -> 0 | N72: +6282283068915 | O72: Melakukan pekerjaan dengan tepat waktu
A73: 160 | B73: ELSI FEBRIANI | C73: mitra | D73: Bentrok kegiatan - diganti | E73: 5 | F73: JUNJUNG SIRIH | G73: PANINGGAHAN | H73: Titik riil | I73: Ya | L73: SPDT NTP 2026 | M73: =SUMIFS('Existing vs Saran'!$I$5:$I$210,'Existing vs Saran'!$N$5:$N$210,A73) -> 0 | N73: +6282389890212 | O73: bertanggungjawab dalam melaksanakan tugas
A74: 112 | B74: Norlizah | C74: mitra | D74: Bentrok kegiatan - diganti | E74: 5 | F74: GUNUNG TALANG | G74: CUPAK | H74: Titik riil | I74: Ya | L74: SPDT NTP 2026 | M74: =SUMIFS('Existing vs Saran'!$I$5:$I$210,'Existing vs Saran'!$N$5:$N$210,A74) -> 0 | N74: +6289510182086 | O74: Cekatan, Gesit, pantang menyerah, Disiplin
A75: 355 | B75: Rona Afriyeni | C75: mitra | D75: Bentrok kegiatan - diganti | E75: 5 | F75: PANTAI CERMIN | G75: LOLO | H75: Titik riil | I75: Ya | L75: SPDT NTP 2026 | M75: =SUMIFS('Existing vs Saran'!$I$5:$I$210,'Existing vs Saran'!$N$5:$N$210,A75) -> 0 | N75: +6282170733326 | O75: Kinerjanya Lumayan bagus
A76: 243 | B76: Adrinadi | C76: mitra | D76: Bentrok kegiatan lain | E76: 4 | F76: LEMBAH GUMANTI | G76: AIE DINGIN | H76: Titik riil | I76: Ya | L76: SPDT NTP 2026 | M76: =SUMIFS('Existing vs Saran'!$I$5:$I$210,'Existing vs Saran'!$N$5:$N$210,A76) -> 0 | N76: +6282173387793 | O76: telah menyelesaikan tugas tepat waktu
A77: 171 | B77: Aidil Ode Pitra | C77: mitra | D77: Bentrok kegiatan lain | E77: 1 | F77: KUBUNG | G77: SELAYO | H77: Titik riil | I77: Tidak | L77: SPDT NTP 2026 | M77: =SUMIFS('Existing vs Saran'!$I$5:$I$210,'Existing vs Saran'!$N$5:$N$210,A77) -> 0 | N77: +6282384134568 | O77: Tidak bertanggung jawab dan ketahuan menyalahi SOP di akhir pendataan
A78: 245 | B78: Aldi Gusnanda | C78: mitra | D78: Bentrok kegiatan lain | E78: 4 | F78: LEMBAH GUMANTI | G78: ALAHAN PANJANG | H78: Perkiraan (kecamatan) | I78: Ya | L78: SPDT NTP 2026 | M78: =SUMIFS('Existing vs Saran'!$I$5:$I$210,'Existing vs Saran'!$N$5:$N$210,A78) -> 0 | N78: +6285763562957 | O78: pekerjaan dikerjakan sebagaimana mestinya
A79: 385 | B79: ANNISA FITRI | C79: mitra | D79: Bentrok kegiatan lain | E79: 4 | F79: X KOTO DIATAS | G79: SULIK AIA | H79: Titik riil | I79: Tidak | L79: SPDT NTP 2026 | M79: =SUMIFS('Existing vs Saran'!$I$5:$I$210,'Existing vs Saran'!$N$5:$N$210,A79) -> 0 | N79: +6282386942787 | O79: bertanggungjawab dalam melaksanakan tugas
A80: 72 | B80: Annisa Musri | C80: mitra | D80: Bentrok kegiatan lain | E80: 5 | F80: GUNUNG TALANG | G80: JAWI-JAWI GUGUAK | H80: Titik riil | I80: Tidak | L80: SPDT NTP 2026 | M80: =SUMIFS('Existing vs Saran'!$I$5:$I$210,'Existing vs Saran'!$N$5:$N$210,A80) -> 0 | N80: +6282268873865 | O80: Disiplin, saling kordinasi, tanggung jawab dan pantang menyerah
A81: 73 | B81: APRILA INSAN SUCI | C81: mitra | D81: Bentrok kegiatan lain | E81: 5 | F81: GUNUNG TALANG | G81: BATANG BARUS | H81: Titik riil | I81: Tidak | L81: SPDT NTP 2026 | M81: =SUMIFS('Existing vs Saran'!$I$5:$I$210,'Existing vs Saran'!$N$5:$N$210,A81) -> 0 | N81: +6285274812636 | O81: Disiplin, tanggung jawab, pandai memimpin, suka menolong, berkordinasi
A82: 177 | B82: Arianda Eka Saputra | C82: mitra | D82: Bentrok kegiatan lain | E82: 4 | F82: KUBUNG | G82: KOTO BARU | H82: Titik riil | I82: Tidak | L82: SITASI 2026 | M82: =SUMIFS('Existing vs Saran'!$I$5:$I$210,'Existing vs Saran'!$N$5:$N$210,A82) -> 0 | N82: +6285274744114 | O82: Sebagai PML agak kurang, jadi PPL aja
A83: 386 | B83: Arifandi shafitra | C83: mitra | D83: Bentrok kegiatan lain | E83: 4 | F83: X KOTO DIATAS | G83: PASILIHAN | H83: Titik riil | I83: Tidak | L83: SPDT NTP 2026 | M83: =SUMIFS('Existing vs Saran'!$I$5:$I$210,'Existing vs Saran'!$N$5:$N$210,A83) -> 0 | N83: +6281261218780 | O83: bertanggungjawab dalam melaksanakan tugas
... A116: 61 | B116: shinta julfitri | C116: mitra | D116: Bentrok kegiatan lain | E116: 5 | F116: DANAU KEMBAR | G116: KAMPUANG BATU DALAM | H116: Titik riil | I116: Tidak | L116: SPDT NTP 2026 | M116: =SUMIFS('Existing vs Saran'!$I$5:$I$210,'Existing vs Saran'!$N$5:$N$210,A116) -> 0 | N116: +6282285756052 | O116: Kinerjanya Lumayan bagus
A117: 338 | B117: Silki Ikrima | C117: mitra | D117: Bentrok kegiatan lain | F117: LUBUK SIKARAH | G117: TANAH GARAM | H117: Tanpa data | I117: Tidak | L117: SPDT NTP 2026 | M117: =SUMIFS('Existing vs Saran'!$I$5:$I$210,'Existing vs Saran'!$N$5:$N$210,A117) -> 0 | N117: +6282174764636
A118: 378 | B118: Siski Rahma Novita | C118: mitra | D118: Bentrok kegiatan lain | E118: 5 | F118: TIGO LURAH | G118: BATU BAJANJANG | H118: Titik riil | I118: Tidak | L118: SPDT NTP 2026 | M118: =SUMIFS('Existing vs Saran'!$I$5:$I$210,'Existing vs Saran'!$N$5:$N$210,A118) -> 0 | N118: +6285263809760 | O118: pekerjaan dilakukan dengan baik dan bertanggung jawab
A119: 38 | B119: Sisri Suryani | C119: mitra | D119: Bentrok kegiatan lain | E119: 4 | F119: BUKIT SUNDI | G119: MUARO PANEH | H119: Titik riil | I119: Tidak | L119: SPDT NTP 2026 | M119: =SUMIFS('Existing vs Saran'!$I$5:$I$210,'Existing vs Saran'!$N$5:$N$210,A119) -> 0 | N119: +6285278023418 | O119: perlu pengalaman lagi untuk jadi PML
A120: 63 | B120: Solvia Maivita | C120: mitra | D120: Bentrok kegiatan lain | E120: 5 | F120: DANAU KEMBAR | G120: KAMPUANG BATU DALAM | H120: Titik riil | I120: Ya | L120: SPDT NTP 2026 | M120: =SUMIFS('Existing vs Saran'!$I$5:$I$210,'Existing vs Saran'!$N$5:$N$210,A120) -> 0 | N120: +6281365679188 | O120: Kinerjanya Lumayan bagus
A121: 299 | B121: Sri mulyati | C121: mitra | D121: Bentrok kegiatan lain | E121: 1 | F121: LEMBAH GUMANTI | G121: SALIMPEK | H121: Titik riil | I121: Tidak | L121: SPDT NTP 2026 | M121: =SUMIFS('Existing vs Saran'!$I$5:$I$210,'Existing vs Saran'!$N$5:$N$210,A121) -> 0 | N121: +6285374403812 | O121: jelek dalam organisasi timnya dan kuarang untuk mekoordinasikan tim
A122: 404 | B122: Vegita Dwi Yuniza | C122: mitra | D122: Bentrok kegiatan lain | E122: 5 | F122: X KOTO DIATAS | G122: PANINJAUAN | H122: Titik riil | I122: Tidak | L122: SPDT NTP 2026 | M122: =SUMIFS('Existing vs Saran'!$I$5:$I$210,'Existing vs Saran'!$N$5:$N$210,A122) -> 0 | N122: +6282284266196 | O122: bertanggungjawab dalam melaksanakan tugas
A123: 40 | B123: Yesi adriani | C123: mitra | D123: Bentrok kegiatan lain | E123: 4 | F123: BUKIT SUNDI | G123: DILAM | H123: Titik riil | I123: Ya | L123: SPDT NTP 2026 | M123: =SUMIFS('Existing vs Saran'!$I$5:$I$210,'Existing vs Saran'!$N$5:$N$210,A123) -> 0 | N123: +6282289600143 | O123: direkomendasikan jadi PML, pemahaman oke
A124: 304 | B124: Yola mulia putri | C124: mitra | D124: Bentrok kegiatan lain | E124: 3 | F124: LEMBAH GUMANTI | G124: SUNGAI NANAM | H124: Titik riil | I124: Ya | L124: SPDT NTP 2026 | M124: =SUMIFS('Existing vs Saran'!$I$5:$I$210,'Existing vs Saran'!$N$5:$N$210,A124) -> 0 | N124: +628385889037 | O124: telah menyelesaikan tugas tepat waktu, unk jadi PMLmasih kurang kepemimpinannya
A125: 143 | B125: Yulia Geni Putri | C125: mitra | D125: Bentrok kegiatan lain | E125: 5 | F125: HILIRAN GUMANTI | G125: SARIAK ALAHAN TIGO | H125: Titik riil | I125: Tidak | L125: SPDT NTP 2026 | M125: =SUMIFS('Existing vs Saran'!$I$5:$I$210,'Existing vs Saran'!$N$5:$N$210,A125) -> 0 | N125: +6285363674304 | O125: pekerjaan dilakukan dengan baik dan bertanggung jawab
A126: 461 | B126: Gusna Reni | C126: mitra | D126: Cadangan menginap (terdaftar, belum diplot) | F126: LEMBANG JAYA | H126: Tanpa data | I126: Ya | M126: =SUMIFS('Existing vs Saran'!$I$5:$I$210,'Existing vs Saran'!$N$5:$N$210,A126) -> 0
A127: 462 | B127: Gustin Ekawati | C127: mitra | D127: Cadangan menginap (terdaftar, belum diplot) | F127: KUBUNG | H127: Perkiraan (kecamatan) | I127: Ya | M127: =SUMIFS('Existing vs Saran'!$I$5:$I$210,'Existing vs Saran'!$N$5:$N$210,A127) -> 0 | P127: JUNJUNG SIRIH, KUBUNG, X KOTO SINGKARAK
A128: 463 | B128: Khairani Permata Wahyu | C128: mitra | D128: Cadangan menginap (terdaftar, belum diplot) | F128: X KOTO SINGKARAK | H128: Perkiraan (kecamatan) | I128: Ya | M128: =SUMIFS('Existing vs Saran'!$I$5:$I$210,'Existing vs Saran'!$N$5:$N$210,A128) -> 0 | P128: JUNJUNG SIRIH, X KOTO SINGKARAK
A129: 464 | B129: Larisa Dita Putri | C129: mitra | D129: Cadangan menginap (terdaftar, belum diplot) | F129: KUBUNG | H129: Perkiraan (kecamatan) | I129: Ya | M129: =SUMIFS('Existing vs Saran'!$I$5:$I$210,'Existing vs Saran'!$N$5:$N$210,A129) -> 0 | P129: KUBUNG
A130: 465 | B130: Leni Marta | C130: mitra | D130: Cadangan menginap (terdaftar, belum diplot) | F130: KUBUNG | H130: Perkiraan (kecamatan) | I130: Ya | M130: =SUMIFS('Existing vs Saran'!$I$5:$I$210,'Existing vs Saran'!$N$5:$N$210,A130) -> 0 | P130: KUBUNG
A131: 455 | B131: Nofra Disman | C131: mitra | D131: Cadangan menginap (terdaftar, belum diplot) | H131: Tanpa data | I131: Ya | M131: =SUMIFS('Existing vs Saran'!$I$5:$I$210,'Existing vs Saran'!$N$5:$N$210,A131) -> 0 | N131: +6281363086935
A132: 467 | B132: Roza Novrika Sari | C132: mitra | D132: Cadangan menginap (terdaftar, belum diplot) | F132: JUNJUNG SIRIH | H132: Perkiraan (kecamatan) | I132: Ya | M132: =SUMIFS('Existing vs Saran'!$I$5:$I$210,'Existing vs Saran'!$N$5:$N$210,A132) -> 0 | P132: JUNJUNG SIRIH, X KOTO SINGKARAK
A133: 298 | B133: Sinta Permatasari | C133: mitra | D133: Cadangan menginap (terdaftar, belum diplot) | E133: 2 | F133: LEMBAH GUMANTI | G133: ALAHAN PANJANG | H133: Perkiraan (kecamatan) | I133: Ya | L133: PES SE2026 | M133: =SUMIFS('Existing vs Saran'!$I$5:$I$210,'Existing vs Saran'!$N$5:$N$210,A133) -> 0 | N133: +6281268332453 | O133: timnya tidak kondusif jadi performanya kurang
...

Sheet Parameter & Asumsi
A1: Parameter & Asumsi
A2: Sel biru = asumsi/parameter yang dipakai simulasi (nilai simulasi tetap; mengubahnya di sini hanya mengubah ambang pada rumus status beban, bukan menghitung ulang plotting).
A4: Parameter | B4: Nilai | C4: Keterangan
A5: Radius normal (km) | B5: 7 | C5: Sama dengan default Auto Plot di web. Kandidat dalam radius ini diutamakan.
A6: Radius perluasan (km) | B6: 10 | C6: Dipakai bila tidak ada kandidat di radius normal; ditandai [perluasan radius].
A7: Beban ideal per PPL (skor) | B7: 180 | C7: Kira-kira median beban PPL sekarang. Sub SLS berskor > maks dipecah menjadi ceil(skor/ideal) porsi.
A8: Beban maksimal per PPL (skor) | B8: 220 | C8: Di atas ini dianggap berlebih. Dipakai di sheet Beban per PPL.
A9: Nilai kinerja minimal otomatis | B9: 3 | C9: Kandidat pool existing yang boleh disarankan otomatis.
A10: Nilai kinerja 'kompeten' (rekrut baru) | B10: 4 | C10: Kriteria rekrut baru.
A11: Ukuran klaster PML (PPL per PML) | B11: 4 | C11: Target 4; klaster boleh 5 bila sisa tidak habis dibagi 4.
A12: Batas beban 'terlalu kecil' (skor) | B12: 60 | C12: PPL di bawah batas ini digabung: dipilih SATU PPL terdekat/layak yang mendata wilayah keduanya (gabungan <= beban maksimal, jarak <= radius perluasan).
A13: Jarak maksimal PML ke pusat klaster (km) | B13: 15 | C13: Domisili PML ke pusat wilayah kerja klaster.
A15: Asumsi & metode
A16: 1. | B16: Data: master petugas (467), 192 Sub SLS terdampak (kertas kerja alokasi), titik tengah Sub SLS, kegiatan lain & pendaftaran bencana - ditarik dari database pada 4 Okt 2026. Total skor beban seluruh Sub SLS = 15,795.0.
A17: 2. | B17: Pool kandidat PPL: sudah konfirmasi daftar bencana ATAU ikut PES SE2026; tidak ikut SPDT NTP 2026 / SITASI 2026 / GC Mix Method; tidak red flag; aktif; nilai kinerja >= nilai minimal (kecuali sudah jadi PPL existing atau nama diminta).
A18: 3. | B18: Plotting yang tersimpan TIDAK diubah. PPL existing dipertahankan kecuali: (a) bentrok kegiatan lain -> diganti calon lain; (b) jarak >= radius normal dan ada kandidat yang jauh lebih dekat (<=60% jarak lama); (c) beban di atas maksimal -> wilayah terjauh dipindah bila ada kandidat longgar.
A19: 4. | B19: Calon PML TIDAK dijadikan PPL, kecuali 3 nama yang diminta admin (Revisi 2 dulu memakai 19 calon PML sebagai PPL, sehingga kebutuhan rekrut baru kini lebih banyak). Kekosongan PML diisi pegawai organik yang diplot belakangan (tidak ditentukan namanya).
A20: 5. | B20: Nama yang diminta (Amelia, ANIKE PUTRI, Annisa Suryani) dipaksa jadi PPL dengan wilayah terdekat (<= radius normal) sampai mendekati beban ideal. Ketiganya termasuk calon PML, jadi calon PML yang tersedia untuk menjadi PML 26 orang (29 tidak bentrok dikurangi 3).
A21: 6. | B21: Domisili tanpa titik koordinat riil diperkirakan dari rata-rata titik Sub SLS di nagari/kecamatan yang sama (kolom Lokasi Domisili menandai 'Perkiraan'). Jarak = garis lurus (haversine), bukan jarak jalan.
A22: 7. | B22: Rekrut baru (skema menginap): dipilih dari petugas yang SUDAH DAFTAR bencana (atau ikut PES SE2026) tapi belum mendapat wilayah, aktif, tidak red flag, tidak ikut kegiatan bentrok, bukan calon PML, termasuk PPL yang dilepas karena penggabungan beban kecil. Karena menginap di kontrakan BPS selama pendataan, jarak domisili tidak lagi dibatasi radius; dicocokkan ke slot dengan penugasan optimal (jarak terdekat, prioritas nilai 5 > 4 > 3 > belum dinilai). Domisili tanpa titik diperkirakan dari rata-rata titik petugas lain di kecamatan yang sama.
A23: 8. | B23: Kontrakan: lokasi menginap = nagari yang menjadi pusat wilayah slot (lihat sheet Rencana Menginap). Jumlah kamar/kapasitas kontrakan belum diketahui; yang tercatat hanya jumlah PPL per lokasi. Pisahkan penghuni laki-laki dan perempuan; 'belum diisi' berarti jenis kelamin belum dilengkapi petugas.
A24: 9. | B24: Klaster PML: seluruh 99 PPL dibagi menjadi 22 klaster berukuran 4-5 PPL (11 klaster 5 PPL + 11 klaster 4 PPL) dengan penugasan berkapasitas yang meminimalkan jarak ke pusat klaster; boleh lintas kecamatan yang berdekatan.
A25: 10. | B25: Penggabungan beban kecil: PPL dengan beban < 60 (skor) digabung - dipilih SATU PPL yang memegang wilayah keduanya (jarak domisili ke seluruh wilayah <= radius perluasan, beban gabungan <= maksimal; urutan prioritas jarak, mendekati beban ideal, nilai kinerja). Yang dilepas tercatat di sheet Beban per PPL (status 'Tidak dipakai'). Jika tidak ada pasangan yang cukup dekat, PPL itu tetap dipertahankan (lihat catatan).
A26: 11. | B26: Dengan 22 klaster, 26 calon PML tersedia: 21 terpasang, 5 menjadi cadangan (bisa dipakai bila ada PML mundur, atau dijadikan PPL untuk mengurangi rekrut baru).
A27: 12. | B27: Hariston dan Ilham di daftar calon PML memiliki nama yang sama dengan 2 pegawai organik (kemungkinan orang yang sama / baris ganda) - mohon dicek.
A28: 13. | B28: Skor beban per PPL = jumlah skor beban unit (Sub SLS atau porsinya) yang dipegang. Skor beban wilayah memakai kolom skor_beban_akhir (beban pendataan + jarak) dari kertas kerja.
