Workbook

Sheet Petunjuk
A1: Matriks akun yang dipicu oleh identifikasi survei
A2: Untuk dikonfirmasi M. Iqbal Hadi. Dihitung dari logika mockup identifikasi (25 Okt 2026), bukan ditulis tangan.
A4: Tujuan | B4: Memeriksa apakah setiap jawaban identifikasi memicu akun dan paket belanja yang benar. Anda cukup mengisi kolom Konfirmasi (daftar pilihan) dan Koreksi pada tiap sheet.
A5: Isi sheet | B5: 1. Matriks pemicu: satu baris per aturan (jawaban menghasilkan paket apa). 2. Akun x pemicu: silang aturan terhadap 18 paket belanja. 3. Ringkasan per akun: akun dan paket beserta pemicunya. 4. Kombinasi: seluruh kombinasi jawaban per kelompok pertanyaan, dihitung dengan logika mockup. 5. Butuh keputusan: hal yang sengaja saya tanyakan.
A6: Mengapa tidak semua kombinasi ditulis | B6: Jumlah kombinasi jawaban efektif sekitar 354.120.345.600, tetapi hanya 768 himpunan paket yang berbeda. Akun bersifat aditif per kelompok pertanyaan (B, C, D, E, F, H), sehingga kelompok cukup diperiksa satu per satu. Tiga interaksi antarkelompok: (1) berbagi pelatihan mematikan seluruh B; (2) pulsa pelatihan mengunci pulsa lapangan FASIH Tidak; (3) peran Petugas entri hanya ada bila instrumen PAPI.
A7: Status baris | B7: Ada di mockup = aturan sudah berjalan di mockup. Belum di mockup (usulan) = paket yang ada di rancangan 11 atau 24 Okt tetapi lembar identifikasi tidak menanyakannya. Ada di mockup, perlu keputusan = berjalan, tetapi tafsirannya perlu Anda tetapkan.
A8: Lambang pada sheet Akun x pemicu | B8: ● dipicu pasti. ◐ salah satu dari dua paket (translok kurang atau lebih dari 8 jam). ○ usulan, belum berjalan di mockup.
A9: Cara mengonfirmasi | B9: Kolom Konfirmasi: Sesuai, Ubah, Hapus, Tambah, atau Tanya. Bila Ubah atau Tambah, tulis akun dan paket yang benar pada kolom Koreksi dan alasan singkat pada Catatan.
A10: Pencocokan ke POK | B10: Setelah Anda konfirmasi, sistem mencocokkan kebutuhan ke POK RO dengan tiga lapis: kode akun, paket belanja yang dipetakan pada baris POK, lalu uraian bebas hanya sebagai saran. Tulisan uraian POK tidak dijadikan penentu.
A11: Sumber paket | B11: Katalog paket dari Project PORTAL BPS (rekap variabel identifikasi 24 Okt). 521213-A sampai P, 522151, 522191, 524111-A, 524113-A dan B, 524114-A dan B, 524119-A dan B, 521211-A sampai D.

Sheet Matriks pemicu
A1: Matriks pemicu: jawaban identifikasi menjadi akun dan paket belanja
A2: Satu baris satu aturan. Paket diambil dari katalog paket SIGAP. Isi kolom Konfirmasi, Koreksi, dan Catatan Anda (tiga kolom terakhir).
A4: ID | B4: Bagian | C4: Pertanyaan | D4: Jawaban yang memicu | E4: Syarat pertanyaan muncul | F4: Paket dipicu | G4: Akun | H4: Jalur | I4: Status | J4: Catatan sistem | K4: Konfirmasi | L4: Koreksi akun atau paket | M4: Catatan Anda
A5: P01 | B5: A | C5: Periode ke-, jadwal tahap, penanda Fix atau Perkiraan | D5: Semua pilihan | E5: Selalu | F5: (tidak ada belanja) | G5: - | H5: - | I5: Ada di mockup | J5: Tidak menimbulkan akun. Menentukan agenda Delego dan bulan bayar pada rencana realisasi.
A6: P02 | B6: B | C6: Berbagi dengan survei lain | D6: Ya (pilih survei yang dirujuk) | E6: Selalu | F6: (tidak ada belanja) | G6: - | H6: - | I6: Ada di mockup | J6: Seluruh pertanyaan B dilewati; tidak ada belanja pelatihan pada survei ini agar tidak dihitung dua kali.
A7: P03 | B7: B | C7: Sesi (briefing atau pelatihan) dilaksanakan, bentuk | D7: Luring atau Hybrid | E7: Tidak berbagi; berlaku per sesi | F7: 521211-A | G7: 521211 | H7: Pengadaan | I7: Ada di mockup | J7: Konsumsi atau paket meeting. Daring tidak menimbulkan konsumsi.
A8: P04 | B8: B | C8: Perlengkapan pelatihan | D8: Ya | E8: Bentuk Luring atau Hybrid | F8: 521211-B | G8: 521211 | H8: Pengadaan | I8: Ada di mockup | J8: Bentuk Daring: tidak ditanya (Tidak).
A9: P05 | B9: B | C9: Biaya pulsa | D9: Ya | E9: Bentuk Daring atau Hybrid | F9: 521211-D | G9: 521211 | H9: Pengadaan | I9: Ada di mockup | J9: Bila Ya, pulsa petugas lapangan FASIH (D) terkunci Tidak agar tidak ganda. Bentuk Luring: tidak ditanya (Tidak).
A10: P06 | B10: B | C10: Pengajar eksternal | D10: Ya | E10: Sesi dilaksanakan | F10: 522151 | G10: 522151 | H10: Non-pengadaan | I10: Ada di mockup, perlu keputusan | J10: Mockup memakai 522151 (narasumber atau moderator). Bila yang dimaksud honor instruktur internal (Inda), paketnya 521213-C: lihat baris berikutnya. Mohon pilih.
A11: P07 | B11: B | C11: Honor instruktur internal (Inda) | D11: Ya | E11: Sesi dilaksanakan | F11: 521213-C | G11: 521213 | H11: Non-pengadaan | I11: Belum di mockup (usulan) | J11: Ada di rancangan 11 Okt, belum ada pertanyaannya di lembar identifikasi.
A12: P08 | B12: B | C12: Lokasi dan tempat: hotel dalam kota | D12: Luring atau Hybrid, dalam kota, hotel | E12: Sesi dilaksanakan | F12: 524114-B, 524114-A | G12: 524114 | H12: Pengadaan dan non-pengadaan | I12: Belum di mockup (usulan) | J12: Rancangan 11 Okt. Lembar identifikasi tidak menanyakan lokasi dan tempat.
A13: P09 | B13: B | C13: Lokasi: luar kota (otomatis hotel) | D13: Luring atau Hybrid, luar kota | E13: Sesi dilaksanakan | F13: 524119-B, 524119-A | G13: 524119 | H13: Pengadaan dan non-pengadaan | I13: Belum di mockup (usulan) | J13: Rancangan 11 Okt: luar kota selalu hotel.
A14: P10 | B14: B | C14: Pelatihan di kantor, peserta mitra | D14: Luring atau Hybrid, dalam kota, kantor | E14: Sesi dilaksanakan | F14: 524113-A | G14: 524113 | H14: Non-pengadaan | I14: Belum di mockup (usulan) | J14: Transport lokal peserta mitra (rancangan 11 Okt).
A15: P11 | B15: C | C15: Rapat persiapan, pelaksanaan, evaluasi: media | D15: Tatap muka | E15: Rapat ada (evaluasi selalu ada) | F15: 521211-A | G15: 521211 | H15: Pengadaan | I15: Ada di mockup | J15: Konsumsi rapat tatap muka. Satu paket 521211-A walau lebih dari satu rapat.
A16: P12 | B16: C | C16: Rapat: media | D16: Apel pagi atau Zoom | E16: Rapat ada | F16: (tidak ada belanja) | G16: - | H16: - | I16: Ada di mockup | J16: Tidak menimbulkan belanja.
... A19: P15 | B19: D | C19: Dokumen PAPI dicetak di kabupaten | D19: Tidak | E19: Instrumen PAPI | F19: (tidak ada belanja) | G19: - | H19: - | I19: Ada di mockup | J19: Dicetak di luar kabupaten: tidak ada belanja cetak pada POK RO ini.
A20: P16 | B20: D | C20: Biaya pulsa petugas lapangan | D20: Ya | E20: Instrumen FASIH dan pelatihan tidak memberi pulsa | F20: 521211-D | G20: 521211 | H20: Pengadaan | I20: Ada di mockup
A21: P17 | B21: D | C21: Biaya pulsa petugas lapangan | D21: Terkunci Tidak | E21: Instrumen FASIH dan pelatihan sudah memberi pulsa | F21: (tidak ada belanja) | G21: - | H21: - | I21: Ada di mockup | J21: Pulsa sudah dihitung pada B.
A22: P18 | B22: D | C22: Honor aparat (camat, kepala desa) dan penunjuk jalan | D22: Ya | E22: Pendataan ada | F22: 521213-B | G22: 521213 | H22: Non-pengadaan | I22: Belum di mockup (usulan) | J22: Ada di rancangan 24 Okt, belum ada pertanyaannya di lembar identifikasi.
A23: P19 | B23: E | C23: Translok per peran | D23: Ya | E23: Supervisor (terkunci Ya), Kortim dan PML (dipilih). PPL dan Petugas entri: tidak ditanya (skip) | F23: 524113-A atau 524113-B | G23: 524113 | H23: Non-pengadaan | I23: Ada di mockup, perlu keputusan | J23: Salah satu paket, menurut lama perjalanan (kurang atau lebih dari 8 jam); lama belum ditanyakan. PPL tertulis skip pada lembar padahal pendataan bencana memberi translok (T10).
A24: P20 | B24: E | C24: Translok lebih dari 8 jam | D24: Ya | E24: Peran yang berhak translok | F24: 524113-B | G24: 524113 | H24: Non-pengadaan | I24: Belum di mockup (usulan) | J24: Rancangan 24 Okt: pilihan tidak ada, kurang dari 8 jam, lebih dari 8 jam.
A25: P21 | B25: E | C25: Honorarium dan status Organik | D25: Ya | E25: Peran yang ditanya honor (Kortim, PML, PPL, Petugas entri) | F25: 521213-P | G25: 521213 | H25: Non-pengadaan | I25: Ada di mockup | J25: Wajib melampirkan dasar atau juknis yang menyatakan petugas organik dibayar honornya.
A26: P22 | B26: E | C26: Honorarium dan status Mitra | D26: Ya | E26: Idem | F26: 521213-D | G26: 521213 | H26: Non-pengadaan | I26: Ada di mockup | J26: Rekrutmen mitra dan kontrak SPK aktif.
A27: P23 | B27: E | C27: Honorarium dan status Organik dan mitra | D27: Ya | E27: Idem | F27: 521213-D, 521213-P | G27: 521213 | H27: Non-pengadaan | I27: Ada di mockup | J27: Kedua paket; rekrutmen mitra aktif.
A28: P24 | B28: E | C28: Status memuat Mitra | D28: Mitra atau Organik dan mitra | E28: Peran dipakai | F28: (tidak ada belanja) | G28: - | H28: - | I28: Ada di mockup | J28: Rekrutmen mitra dan penilaian mitra aktif (bukan akun belanja).
A29: P25 | B29: E | C29: Jumlah petugas dan penanda Fix atau Perkiraan | D29: Angka | E29: Peran dipakai | F29: (tidak ada belanja) | G29: - | H29: - | I29: Ada di mockup | J29: Tidak menimbulkan akun baru. Menjadi dasar kebutuhan rekrutmen dan volume RAB.
A30: P26 | B30: E | C30: Pulsa per peran (PML, PPL, entri) | D30: Ya | E30: Peran dipakai | F30: 521211-D | G30: 521211 | H30: Pengadaan | I30: Belum di mockup (usulan) | J30: Rancangan 24 Okt: pulsa ditanya per peran. Lembar hanya punya pulsa lapangan umum.
A31: P27 | B31: E | C31: Supervisi luar kota oleh PML | D31: Ya | E31: PML dipakai | F31: 524111-A | G31: 524111 | H31: Non-pengadaan | I31: Belum di mockup (usulan) | J31: Rancangan 24 Okt.
A32: P28 | B32: E | C32: Honor tim pelaksana (SK) | D32: Ya | E32: Selalu | F32: 521213-A | G32: 521213 | H32: Non-pengadaan | I32: Belum di mockup (usulan) | J32: Rancangan 24 Okt: SK tim, panitia.
... A39: P35 | B39: H | C39: H2 Cetak buku publikasi | D39: Tidak, atau Ya tetapi dicetak di luar kabupaten | E39: Rilis Ya | F39: (tidak ada belanja) | G39: - | H39: - | I39: Ada di mockup | J39: Tidak ada belanja cetak pada POK RO ini.
A40: P36 | B40: H | C40: H3 Spanduk | D40: Ya | E40: Rilis Ya | F40: 521211-C | G40: 521211 | H40: Pengadaan | I40: Ada di mockup
A41: P37 | B41: H | C41: Konsumsi rilis | D41: Ya | E41: Rilis Ya | F41: 521211-A | G41: 521211 | H41: Pengadaan | I41: Belum di mockup (usulan) | J41: Rancangan 24 Okt: rilis dapat memakai konsumsi. Belum ada pertanyaannya.
A42: P38 | B42: H | C42: Narasumber atau FGD | D42: Ya | E42: Ada diseminasi | F42: 522151 | G42: 522151 | H42: Non-pengadaan | I42: Belum di mockup (usulan) | J42: Rancangan 24 Okt.
A43: P39 | B43: H | C43: Honor tim penyusun publikasi (SK) | D43: Ya | E43: Ada diseminasi | F43: 521213-A | G43: 521213 | H43: Non-pengadaan | I43: Belum di mockup (usulan) | J43: Rancangan 24 Okt.

Sheet Akun x pemicu
A1: Akun dan paket belanja menurut pemicunya
A2: Baris = aturan (ID sama dengan sheet Matriks pemicu). Kolom = paket belanja. ● pasti, ◐ salah satu, ○ usulan belum di mockup. Total di bawah dihitung otomatis.
A4: ID | B4: Pertanyaan | C4: Status | D4: 521211-A | E4: 521211-B | F4: 521211-C | G4: 521211-D | H4: 521213-A | I4: 521213-B | J4: 521213-C | K4: 521213-D | L4: 521213-P | M4: 522151 | N4: 522191 | O4: 524111-A | P4: 524113-A | Q4: 524113-B | R4: 524114-A | S4: 524114-B | T4: 524119-A | U4: 524119-B
B5: Nama paket | D5: Konsumsi | E5: Perlengkapan, penggandaan, cetak | F5: Spanduk | G5: Pulsa | H5: Honor tim pelaksana (SK) | I5: Honor camat, kades, penunjuk jalan | J5: Honor pengajar (Inda) | K5: Honor petugas mitra | L5: Honor petugas PNS BPS | M5: Honor narasumber, moderator | N5: Jasa lainnya (sosialisasi) | O5: Perjalanan dinas biasa | P5: Transport lokal kurang dari 8 jam | Q5: Transport lokal lebih dari 8 jam | R5: Perjadin paket meeting dalam kota (peserta) | S5: Penyelenggaraan paket meeting dalam kota | T5: Perjadin luar kota (peserta) | U5: Penyelenggaraan luar kota
A6: P01 | B6: A: Periode ke-, jadwal tahap, penanda Fix atau Perkiraan (Semua pilihan) | C6: Ada di mockup
A7: P02 | B7: B: Berbagi dengan survei lain (Ya (pilih survei yang dirujuk)) | C7: Ada di mockup
A8: P03 | B8: B: Sesi (briefing atau pelatihan) dilaksanakan, bentuk (Luring atau Hybrid) | C8: Ada di mockup | D8: ●
A9: P04 | B9: B: Perlengkapan pelatihan (Ya) | C9: Ada di mockup | E9: ●
A10: P05 | B10: B: Biaya pulsa (Ya) | C10: Ada di mockup | G10: ●
A11: P06 | B11: B: Pengajar eksternal (Ya) | C11: Ada di mockup, perlu keputusan | M11: ●
A12: P07 | B12: B: Honor instruktur internal (Inda) (Ya) | C12: Belum di mockup (usulan) | J12: ○
A13: P08 | B13: B: Lokasi dan tempat: hotel dalam kota (Luring atau Hybrid, dalam kota, hotel) | C13: Belum di mockup (usulan) | R13: ○ | S13: ○
A14: P09 | B14: B: Lokasi: luar kota (otomatis hotel) (Luring atau Hybrid, luar kota) | C14: Belum di mockup (usulan) | T14: ○ | U14: ○
A15: P10 | B15: B: Pelatihan di kantor, peserta mitra (Luring atau Hybrid, dalam kota, kantor) | C15: Belum di mockup (usulan) | P15: ○
A16: P11 | B16: C: Rapat persiapan, pelaksanaan, evaluasi: media (Tatap muka) | C16: Ada di mockup | D16: ●
A17: P12 | B17: C: Rapat: media (Apel pagi atau Zoom) | C17: Ada di mockup
A18: P13 | B18: D: Instrumen (Tanpa pendataan) | C18: Ada di mockup
A19: P14 | B19: D: Dokumen PAPI dicetak di kabupaten (Ya) | C19: Ada di mockup | E19: ●
A20: P15 | B20: D: Dokumen PAPI dicetak di kabupaten (Tidak) | C20: Ada di mockup
A21: P16 | B21: D: Biaya pulsa petugas lapangan (Ya) | C21: Ada di mockup | G21: ●
A22: P17 | B22: D: Biaya pulsa petugas lapangan (Terkunci Tidak) | C22: Ada di mockup
A23: P18 | B23: D: Honor aparat (camat, kepala desa) dan penunjuk jalan (Ya) | C23: Belum di mockup (usulan) | I23: ○
A24: P19 | B24: E: Translok per peran (Ya) | C24: Ada di mockup, perlu keputusan | P24: ◐ | Q24: ◐
A25: P20 | B25: E: Translok lebih dari 8 jam (Ya) | C25: Belum di mockup (usulan) | Q25: ○
A26: P21 | B26: E: Honorarium dan status Organik (Ya) | C26: Ada di mockup | L26: ●
A27: P22 | B27: E: Honorarium dan status Mitra (Ya) | C27: Ada di mockup | K27: ●
A28: P23 | B28: E: Honorarium dan status Organik dan mitra (Ya) | C28: Ada di mockup | K28: ● | L28: ●
A29: P24 | B29: E: Status memuat Mitra (Mitra atau Organik dan mitra) | C29: Ada di mockup
A30: P25 | B30: E: Jumlah petugas dan penanda Fix atau Perkiraan (Angka) | C30: Ada di mockup
A31: P26 | B31: E: Pulsa per peran (PML, PPL, entri) (Ya) | C31: Belum di mockup (usulan) | G31: ○
A32: P27 | B32: E: Supervisi luar kota oleh PML (Ya) | C32: Belum di mockup (usulan) | O32: ○
A33: P28 | B33: E: Honor tim pelaksana (SK) (Ya) | C33: Belum di mockup (usulan) | H33: ○
A34: P29 | B34: F: F1 Ada konsultasi teknis dan F2 cara (Ada, tatap muka (perjalanan dinas)) | C34: Ada di mockup | O34: ●
A35: P30 | B35: F: F1 dan F2 (Tidak ada, atau ada tetapi daring) | C35: Ada di mockup
A36: P31 | B36: G: G1 Ada rekonsiliasi data (Ya) | C36: Ada di mockup, perlu keputusan
A37: P32 | B37: H: Ada diseminasi (jadwal bagian A) (Tidak) | C37: Ada di mockup
A38: P33 | B38: H: H1 Rilis atau sosialisasi hasil (Ya) | C38: Ada di mockup | N38: ●
A39: P34 | B39: H: H2 Cetak buku publikasi dan dicetak di kabupaten (Ya dan Ya) | C39: Ada di mockup | E39: ●
A40: P35 | B40: H: H2 Cetak buku publikasi (Tidak, atau Ya tetapi dicetak di luar kabupaten) | C40: Ada di mockup
A41: P36 | B41: H: H3 Spanduk (Ya) | C41: Ada di mockup | F41: ●
A42: P37 | B42: H: Konsumsi rilis (Ya) | C42: Belum di mockup (usulan) | D42: ○
A43: P38 | B43: H: Narasumber atau FGD (Ya) | C43: Belum di mockup (usulan) | M43: ○
A44: P39 | B44: H: Honor tim penyusun publikasi (SK) (Ya) | C44: Belum di mockup (usulan) | H44: ○
B45: Total pasti atau salah satu (●, ◐) | D45: =COUNTIF(D6:D44,"●")+COUNTIF(D6:D44,"◐") -> 2 | E45: =COUNTIF(E6:E44,"●")+COUNTIF(E6:E44,"◐") -> 3 | F45: =COUNTIF(F6:F44,"●")+COUNTIF(F6:F44,"◐") -> 1 | G45: =COUNTIF(G6:G44,"●")+COUNTIF(G6:G44,"◐") -> 2 | H45: =COUNTIF(H6:H44,"●")+COUNTIF(H6:H44,"◐") -> 0 | I45: =COUNTIF(I6:I44,"●")+COUNTIF(I6:I44,"◐") -> 0 | J45: =COUNTIF(J6:J44,"●")+COUNTIF(J6:J44,"◐") -> 0 | K45: =COUNTIF(K6:K44,"●")+COUNTIF(K6:K44,"◐") -> 2 | ... U45: =COUNTIF(U6:U44,"●")+COUNTIF(U6:U44,"◐") -> 0
B46: Total usulan (○) | D46: =COUNTIF(D6:D44,"○") -> 1 | E46: =COUNTIF(E6:E44,"○") -> 0 | F46: =COUNTIF(F6:F44,"○") -> 0 | G46: =COUNTIF(G6:G44,"○") -> 1 | H46: =COUNTIF(H6:H44,"○") -> 2 | I46: =COUNTIF(I6:I44,"○") -> 1 | J46: =COUNTIF(J6:J44,"○") -> 1 | K46: =COUNTIF(K6:K44,"○") -> 0 | ... U46: =COUNTIF(U6:U44,"○") -> 1

Sheet Ringkasan per akun
A1: Ringkasan per akun dan paket
A2: Jumlah pemicu diambil dari sheet Akun x pemicu (rumus). Isi Konfirmasi untuk tiap paket.
A4: Akun | B4: Nama akun | C4: Paket | D4: Nama paket | E4: Jumlah pemicu di mockup | F4: Jumlah pemicu usulan | G4: Dipicu oleh (ID, mockup) | H4: Pemicu usulan (ID) | I4: Konfirmasi | J4: Koreksi | K4: Catatan Anda
A5: 521211 | B5: Belanja bahan | C5: 521211-A | D5: Konsumsi | E5: ='Akun x pemicu'!D45 -> 2 | F5: ='Akun x pemicu'!D46 -> 1 | G5: P03, P11 | H5: P37
A6: 521211 | B6: Belanja bahan | C6: 521211-B | D6: Perlengkapan, penggandaan, cetak | E6: ='Akun x pemicu'!E45 -> 3 | F6: ='Akun x pemicu'!E46 -> 0 | G6: P04, P14, P34 | H6: -
A7: 521211 | B7: Belanja bahan | C7: 521211-C | D7: Spanduk | E7: ='Akun x pemicu'!F45 -> 1 | F7: ='Akun x pemicu'!F46 -> 0 | G7: P36 | H7: -
A8: 521211 | B8: Belanja bahan | C8: 521211-D | D8: Pulsa | E8: ='Akun x pemicu'!G45 -> 2 | F8: ='Akun x pemicu'!G46 -> 1 | G8: P05, P16 | H8: P26
A9: 521213 | B9: Belanja honor output kegiatan | C9: 521213-A | D9: Honor tim pelaksana (SK) | E9: ='Akun x pemicu'!H45 -> 0 | F9: ='Akun x pemicu'!H46 -> 2 | G9: (belum dipicu di mockup) | H9: P28, P39
A10: 521213 | B10: Belanja honor output kegiatan | C10: 521213-B | D10: Honor camat, kades, penunjuk jalan | E10: ='Akun x pemicu'!I45 -> 0 | F10: ='Akun x pemicu'!I46 -> 1 | G10: (belum dipicu di mockup) | H10: P18
A11: 521213 | B11: Belanja honor output kegiatan | C11: 521213-C | D11: Honor pengajar (Inda) | E11: ='Akun x pemicu'!J45 -> 0 | F11: ='Akun x pemicu'!J46 -> 1 | G11: (belum dipicu di mockup) | H11: P07
A12: 521213 | B12: Belanja honor output kegiatan | C12: 521213-D | D12: Honor petugas mitra | E12: ='Akun x pemicu'!K45 -> 2 | F12: ='Akun x pemicu'!K46 -> 0 | G12: P22, P23 | H12: -
A13: 521213 | B13: Belanja honor output kegiatan | C13: 521213-P | D13: Honor petugas PNS BPS | E13: ='Akun x pemicu'!L45 -> 2 | F13: ='Akun x pemicu'!L46 -> 0 | G13: P21, P23 | H13: -
A14: 522151 | B14: Belanja jasa profesi | C14: 522151 | D14: Honor narasumber, moderator | E14: ='Akun x pemicu'!M45 -> 1 | F14: ='Akun x pemicu'!M46 -> 1 | G14: P06 | H14: P38
A15: 522191 | B15: Belanja jasa lainnya | C15: 522191 | D15: Jasa lainnya (sosialisasi) | E15: ='Akun x pemicu'!N45 -> 1 | F15: ='Akun x pemicu'!N46 -> 0 | G15: P33 | H15: -
A16: 524111 | B16: Belanja perjalanan dinas biasa | C16: 524111-A | D16: Perjalanan dinas biasa | E16: ='Akun x pemicu'!O45 -> 1 | F16: ='Akun x pemicu'!O46 -> 1 | G16: P29 | H16: P27
A17: 524113 | B17: Belanja perjalanan dinas dalam kota | C17: 524113-A | D17: Transport lokal kurang dari 8 jam | E17: ='Akun x pemicu'!P45 -> 1 | F17: ='Akun x pemicu'!P46 -> 1 | G17: P19 | H17: P10
A18: 524113 | B18: Belanja perjalanan dinas dalam kota | C18: 524113-B | D18: Transport lokal lebih dari 8 jam | E18: ='Akun x pemicu'!Q45 -> 1 | F18: ='Akun x pemicu'!Q46 -> 1 | G18: P19 | H18: P20
A19: 524114 | B19: Belanja perjalanan dinas paket meeting dalam kota | C19: 524114-A | D19: Perjadin paket meeting dalam kota (peserta) | E19: ='Akun x pemicu'!R45 -> 0 | F19: ='Akun x pemicu'!R46 -> 1 | G19: (belum dipicu di mockup) | H19: P08
A20: 524114 | B20: Belanja perjalanan dinas paket meeting dalam kota | C20: 524114-B | D20: Penyelenggaraan paket meeting dalam kota | E20: ='Akun x pemicu'!S45 -> 0 | F20: ='Akun x pemicu'!S46 -> 1 | G20: (belum dipicu di mockup) | H20: P08
A21: 524119 | B21: Belanja perjalanan dinas paket meeting luar kota | C21: 524119-A | D21: Perjadin luar kota (peserta) | E21: ='Akun x pemicu'!T45 -> 0 | F21: ='Akun x pemicu'!T46 -> 1 | G21: (belum dipicu di mockup) | H21: P09
A22: 524119 | B22: Belanja perjalanan dinas paket meeting luar kota | C22: 524119-B | D22: Penyelenggaraan luar kota | E22: ='Akun x pemicu'!U45 -> 0 | F22: ='Akun x pemicu'!U46 -> 1 | G22: (belum dipicu di mockup) | H22: P09

Sheet Kombinasi
A1: Seluruh kombinasi jawaban per kelompok pertanyaan
A2: Dihitung dengan logika mockup. Tiap kelompok lengkap (semua kombinasi efektif); antarkelompok dijumlahkan (aditif) dengan tiga interaksi yang tertulis di sheet Petunjuk. Bagian B berlaku sama untuk Briefing dan Pelatihan; C sama untuk rapat persiapan, pelaksanaan, evaluasi.
A4: Kelompok | B4: Kondisi 1 | C4: Kondisi 2 | D4: Kondisi 3 | E4: Kondisi 4 | F4: Paket yang dipicu | G4: Akun | H4: Lampiran dasar wajib | I4: Rekrutmen mitra | J4: Konfirmasi | K4: Koreksi paket | L4: Catatan Anda
A5: B. Sesi pelatihan atau briefing | B5: Bentuk: (sesi tidak dilaksanakan) | C5: Pulsa: - | D5: Perlengkapan pelatihan: - | E5: Pengajar eksternal: - | F5: (tidak ada belanja) | G5: - | H5: - | I5: -
A6: B. Sesi pelatihan atau briefing | B6: Bentuk: Daring | C6: Pulsa: Tidak | D6: Perlengkapan pelatihan: tidak ditanya (Tidak) | E6: Pengajar eksternal: Tidak | F6: (tidak ada belanja) | G6: - | H6: - | I6: -
A7: B. Sesi pelatihan atau briefing | B7: Bentuk: Daring | C7: Pulsa: Tidak | D7: Perlengkapan pelatihan: tidak ditanya (Tidak) | E7: Pengajar eksternal: Ya | F7: 522151 | G7: 522151 | H7: - | I7: -
A8: B. Sesi pelatihan atau briefing | B8: Bentuk: Daring | C8: Pulsa: Ya | D8: Perlengkapan pelatihan: tidak ditanya (Tidak) | E8: Pengajar eksternal: Tidak | F8: 521211-D | G8: 521211 | H8: - | I8: -
A9: B. Sesi pelatihan atau briefing | B9: Bentuk: Daring | C9: Pulsa: Ya | D9: Perlengkapan pelatihan: tidak ditanya (Tidak) | E9: Pengajar eksternal: Ya | F9: 521211-D, 522151 | G9: 521211, 522151 | H9: - | I9: -
A10: B. Sesi pelatihan atau briefing | B10: Bentuk: Luring | C10: Pulsa: tidak ditanya (Tidak) | D10: Perlengkapan pelatihan: Tidak | E10: Pengajar eksternal: Tidak | F10: 521211-A | G10: 521211 | H10: - | I10: -
A11: B. Sesi pelatihan atau briefing | B11: Bentuk: Luring | C11: Pulsa: tidak ditanya (Tidak) | D11: Perlengkapan pelatihan: Tidak | E11: Pengajar eksternal: Ya | F11: 521211-A, 522151 | G11: 521211, 522151 | H11: - | I11: -
A12: B. Sesi pelatihan atau briefing | B12: Bentuk: Luring | C12: Pulsa: tidak ditanya (Tidak) | D12: Perlengkapan pelatihan: Ya | E12: Pengajar eksternal: Tidak | F12: 521211-A, 521211-B | G12: 521211 | H12: - | I12: -
A13: B. Sesi pelatihan atau briefing | B13: Bentuk: Luring | C13: Pulsa: tidak ditanya (Tidak) | D13: Perlengkapan pelatihan: Ya | E13: Pengajar eksternal: Ya | F13: 521211-A, 521211-B, 522151 | G13: 521211, 522151 | H13: - | I13: -
A14: B. Sesi pelatihan atau briefing | B14: Bentuk: Hybrid | C14: Pulsa: Tidak | D14: Perlengkapan pelatihan: Tidak | E14: Pengajar eksternal: Tidak | F14: 521211-A | G14: 521211 | H14: - | I14: -
A15: B. Sesi pelatihan atau briefing | B15: Bentuk: Hybrid | C15: Pulsa: Tidak | D15: Perlengkapan pelatihan: Tidak | E15: Pengajar eksternal: Ya | F15: 521211-A, 522151 | G15: 521211, 522151 | H15: - | I15: -
A16: B. Sesi pelatihan atau briefing | B16: Bentuk: Hybrid | C16: Pulsa: Tidak | D16: Perlengkapan pelatihan: Ya | E16: Pengajar eksternal: Tidak | F16: 521211-A, 521211-B | G16: 521211 | H16: - | I16: -
... A84: H. Diseminasi | B84: Diseminasi: Ada | C84: H1 Rilis: Ya | D84: H2 Cetak buku: Ya, dicetak di luar kabupaten | E84: H3 Spanduk: Ya | F84: 521211-C, 522191 | G84: 521211, 522191 | H84: - | I84: -

Sheet Butuh keputusan
A1: Hal yang perlu Anda putuskan
A2: Ditulis singkat; jawab langsung pada kolom Jawaban Bapak.
A4: No | B4: Pertanyaan untuk Bapak | C4: Pilihan | D4: Saran saya | E4: Jawaban Bapak | F4: Catatan
A5: 1 | B5: Pengajar eksternal pada B memicu paket apa? | C5: 522151 honor narasumber atau 521213-C honor instruktur internal (Inda), atau kedua-duanya dengan pertanyaan terpisah | D5: Dua pertanyaan terpisah: pengajar atau narasumber eksternal (522151) dan instruktur internal (521213-C).
A6: 2 | B6: Apakah lokasi dan tempat pelatihan (dalam kota kantor, hotel dalam kota, luar kota) ditambahkan ke lembar B? | C6: Ya atau Tidak | D6: Ya, karena memicu 524114-A dan B, 524119-A dan B, serta 524113-A. Tanpa itu paket hotel tidak pernah muncul.
A7: 3 | B7: Translok PPL: dilewati (skip) atau diberikan? | C7: Skip atau Ya | D7: Diberikan untuk pendataan lapangan seperti pascabencana (temuan T10).
A8: 4 | B8: Translok: apakah lama perjalanan (kurang atau lebih dari 8 jam) ditanya? | C8: Ya atau Tidak | D8: Ya, agar 524113-A atau 524113-B pasti, bukan salah satu.
A9: 5 | B9: Honor aparat (camat, kepala desa) dan penunjuk jalan (521213-B): ditanya? | C9: Ya atau Tidak | D9: Ya pada pendataan yang memakai penunjuk jalan.
A10: 6 | B10: Pulsa: hanya pulsa lapangan umum, atau per peran? | C10: Umum atau per peran | D10: Per peran seperti rancangan 24 Okt, dengan penguncian bila pelatihan sudah memberi pulsa.
A11: 7 | B11: Rekonsiliasi data (G1) memicu paket belanja apa? | C11: Tidak ada, atau paket tertentu | D11: Tetapkan paketnya (mis. konsumsi 521211-A bila ada rapat).
A12: 8 | B12: Rilis (H1): konsumsi dan narasumber ditanya? | C12: Ya atau Tidak | D12: Ya, karena rancangan 24 Okt memuat 521211-A dan 522151 pada rilis.
A13: 9 | B13: Honor tim pelaksana atau penyusun publikasi (521213-A): ditanya? | C13: Ya atau Tidak | D13: Ya, satu pertanyaan 'ada SK tim yang diberi honor'.
A14: 10 | B14: Pengolahan dan petugas entri: apakah petugas entri hanya untuk PAPI? | C14: Ya atau Tidak | D14: Ya (tafsiran sekarang).
A15: 11 | B15: Supervisor: status hanya Organik, atau Organik dan mitra. Apakah tafsiran saya sesuai? | C15: Sesuai atau Ubah | D15: Sesuai: Mitra saja tidak ditawarkan untuk Supervisor.
