Workbook

Sheet Rekap per Kecamatan
A1: Rekap Petugas Penyisiran per Kecamatan (Perkiraan Lokasi Rumah)
A2: Kecamatan diperkirakan dari titik lokasi rumah petugas (lat/lng) dibandingkan ke pusat titik usaha yang tercatat di tiap kecamatan -- BUKAN penugasan resmi. Lihat sheet 'Daftar Petugas' untuk detail & catatan per orang.
A4: Kecamatan | B4: Jumlah Petugas Aktif | C4: Jumlah Petugas Nonaktif | D4: Total
A5: BUKIT SUNDI | B5: =COUNTIFS('Daftar Petugas'!$F$5:$F$79,"BUKIT SUNDI",'Daftar Petugas'!$E$5:$E$79,"Aktif") -> 1 | C5: =COUNTIFS('Daftar Petugas'!$F$5:$F$79,"BUKIT SUNDI",'Daftar Petugas'!$E$5:$E$79,"Nonaktif") -> 0 | D5: =B5+C5 -> 1
A6: DANAU KEMBAR | B6: =COUNTIFS('Daftar Petugas'!$F$5:$F$79,"DANAU KEMBAR",'Daftar Petugas'!$E$5:$E$79,"Aktif") -> 0 | C6: =COUNTIFS('Daftar Petugas'!$F$5:$F$79,"DANAU KEMBAR",'Daftar Petugas'!$E$5:$E$79,"Nonaktif") -> 0 | D6: =B6+C6 -> 0
A7: GUNUNG TALANG | B7: =COUNTIFS('Daftar Petugas'!$F$5:$F$79,"GUNUNG TALANG",'Daftar Petugas'!$E$5:$E$79,"Aktif") -> 2 | C7: =COUNTIFS('Daftar Petugas'!$F$5:$F$79,"GUNUNG TALANG",'Daftar Petugas'!$E$5:$E$79,"Nonaktif") -> 0 | D7: =B7+C7 -> 2
A8: HILIRAN GUMANTI | B8: =COUNTIFS('Daftar Petugas'!$F$5:$F$79,"HILIRAN GUMANTI",'Daftar Petugas'!$E$5:$E$79,"Aktif") -> 0 | C8: =COUNTIFS('Daftar Petugas'!$F$5:$F$79,"HILIRAN GUMANTI",'Daftar Petugas'!$E$5:$E$79,"Nonaktif") -> 0 | D8: =B8+C8 -> 0
A9: IX KOTO SUNGAI LASI | B9: =COUNTIFS('Daftar Petugas'!$F$5:$F$79,"IX KOTO SUNGAI LASI",'Daftar Petugas'!$E$5:$E$79,"Aktif") -> 1 | C9: =COUNTIFS('Daftar Petugas'!$F$5:$F$79,"IX KOTO SUNGAI LASI",'Daftar Petugas'!$E$5:$E$79,"Nonaktif") -> 0 | D9: =B9+C9 -> 1
A10: JUNJUNG SIRIH | B10: =COUNTIFS('Daftar Petugas'!$F$5:$F$79,"JUNJUNG SIRIH",'Daftar Petugas'!$E$5:$E$79,"Aktif") -> 3 | C10: =COUNTIFS('Daftar Petugas'!$F$5:$F$79,"JUNJUNG SIRIH",'Daftar Petugas'!$E$5:$E$79,"Nonaktif") -> 0 | D10: =B10+C10 -> 3
A11: KUBUNG | B11: =COUNTIFS('Daftar Petugas'!$F$5:$F$79,"KUBUNG",'Daftar Petugas'!$E$5:$E$79,"Aktif") -> 2 | C11: =COUNTIFS('Daftar Petugas'!$F$5:$F$79,"KUBUNG",'Daftar Petugas'!$E$5:$E$79,"Nonaktif") -> 0 | D11: =B11+C11 -> 2
A12: LEMBAH GUMANTI | B12: =COUNTIFS('Daftar Petugas'!$F$5:$F$79,"LEMBAH GUMANTI",'Daftar Petugas'!$E$5:$E$79,"Aktif") -> 0 | C12: =COUNTIFS('Daftar Petugas'!$F$5:$F$79,"LEMBAH GUMANTI",'Daftar Petugas'!$E$5:$E$79,"Nonaktif") -> 0 | D12: =B12+C12 -> 0
A13: LEMBANG JAYA | B13: =COUNTIFS('Daftar Petugas'!$F$5:$F$79,"LEMBANG JAYA",'Daftar Petugas'!$E$5:$E$79,"Aktif") -> 0 | C13: =COUNTIFS('Daftar Petugas'!$F$5:$F$79,"LEMBANG JAYA",'Daftar Petugas'!$E$5:$E$79,"Nonaktif") -> 0 | D13: =B13+C13 -> 0
A14: PANTAI CERMIN | B14: =COUNTIFS('Daftar Petugas'!$F$5:$F$79,"PANTAI CERMIN",'Daftar Petugas'!$E$5:$E$79,"Aktif") -> 1 | C14: =COUNTIFS('Daftar Petugas'!$F$5:$F$79,"PANTAI CERMIN",'Daftar Petugas'!$E$5:$E$79,"Nonaktif") -> 0 | D14: =B14+C14 -> 1
A15: PAYUNG SEKAKI | B15: =COUNTIFS('Daftar Petugas'!$F$5:$F$79,"PAYUNG SEKAKI",'Daftar Petugas'!$E$5:$E$79,"Aktif") -> 0 | C15: =COUNTIFS('Daftar Petugas'!$F$5:$F$79,"PAYUNG SEKAKI",'Daftar Petugas'!$E$5:$E$79,"Nonaktif") -> 0 | D15: =B15+C15 -> 0
A16: TIGO LURAH | B16: =COUNTIFS('Daftar Petugas'!$F$5:$F$79,"TIGO LURAH",'Daftar Petugas'!$E$5:$E$79,"Aktif") -> 0 | C16: =COUNTIFS('Daftar Petugas'!$F$5:$F$79,"TIGO LURAH",'Daftar Petugas'!$E$5:$E$79,"Nonaktif") -> 0 | D16: =B16+C16 -> 0
A17: X KOTO DIATAS | B17: =COUNTIFS('Daftar Petugas'!$F$5:$F$79,"X KOTO DIATAS",'Daftar Petugas'!$E$5:$E$79,"Aktif") -> 0 | C17: =COUNTIFS('Daftar Petugas'!$F$5:$F$79,"X KOTO DIATAS",'Daftar Petugas'!$E$5:$E$79,"Nonaktif") -> 0 | D17: =B17+C17 -> 0
A18: X KOTO SINGKARAK | B18: =COUNTIFS('Daftar Petugas'!$F$5:$F$79,"X KOTO SINGKARAK",'Daftar Petugas'!$E$5:$E$79,"Aktif") -> 0 | C18: =COUNTIFS('Daftar Petugas'!$F$5:$F$79,"X KOTO SINGKARAK",'Daftar Petugas'!$E$5:$E$79,"Nonaktif") -> 0 | D18: =B18+C18 -> 0
A19: (Belum ada titik lokasi rumah) | B19: =COUNTIFS('Daftar Petugas'!$F$5:$F$79,"(belum ada titik lokasi)",'Daftar Petugas'!$E$5:$E$79,"Aktif") -> 20 | C19: =COUNTIFS('Daftar Petugas'!$F$5:$F$79,"(belum ada titik lokasi)",'Daftar Petugas'!$E$5:$E$79,"Nonaktif") -> 45 | D19: =B19+C19 -> 65
A20: Total | B20: =SUM(B5:B19) -> 30 | C20: =SUM(C5:C19) -> 45 | D20: =SUM(D5:D19) -> 75
A22: Catatan: dari 75 akun petugas, baru 10 yang punya titik lokasi rumah (terisi otomatis saat pertama login di tab Penyisiran Usaha). 65 sisanya belum bisa diperkirakan kecamatannya.

Sheet Daftar Petugas
A1: Daftar Petugas Penyisiran Usaha SE2026 -- BPS Kabupaten Solok
A2: Sumber: tabel petugas_penyisiran_akun (Supabase), per 18 September 2026.
A4: No | B4: Nama | C4: NIP | D4: No. HP | E4: Status | F4: Kecamatan (Perkiraan) | G4: Jarak Rumah ke Pusat Kecamatan (km) | H4: Catatan
A5: 1 | B5: Rini Ferani | C5: - | D5: - | E5: Aktif | F5: BUKIT SUNDI | G5: 4.1 | H5: Perkiraan dari lokasi rumah (GPS), bukan penugasan resmi.
A6: 2 | B6: M. Iqbal Hadi | C6: - | D6: - | E6: Aktif | F6: GUNUNG TALANG | G6: 25.68 | H6: Perkiraan dari lokasi rumah (GPS), bukan penugasan resmi.
A7: 3 | B7: Novriady | C7: - | D7: - | E7: Aktif | F7: GUNUNG TALANG | G7: 5.39 | H7: Perkiraan dari lokasi rumah (GPS), bukan penugasan resmi.
A8: 4 | B8: Lidya Rahmawati Amsah | C8: - | D8: - | E8: Aktif | F8: IX KOTO SUNGAI LASI | G8: 3.78 | H8: Perkiraan dari lokasi rumah (GPS), bukan penugasan resmi.
A9: 5 | B9: Lia Angraini | C9: 130322030016 | D9: +62 853-6458-4187 | E9: Aktif | F9: JUNJUNG SIRIH | G9: 5.51 | H9: Perkiraan dari lokasi rumah (GPS), bukan penugasan resmi.
A10: 6 | B10: Megawati | C10: 130322090066 | D10: +62 852-5693-2265 | E10: Aktif | F10: JUNJUNG SIRIH | G10: 1.09 | H10: Perkiraan dari lokasi rumah (GPS), bukan penugasan resmi.
A11: 7 | B11: Ondri Yandi | C11: 130326050202 | D11: +62 813-8166-1987 | E11: Aktif | F11: JUNJUNG SIRIH | G11: 32.47 | H11: Perkiraan dari lokasi rumah (GPS), bukan penugasan resmi.
A12: 8 | B12: Elvira Okzayenti | C12: - | D12: - | E12: Aktif | F12: KUBUNG | G12: 3.97 | H12: Perkiraan dari lokasi rumah (GPS), bukan penugasan resmi.
A13: 9 | B13: Mega Nana Yulianti | C13: 130322030036 | D13: +62 853-7669-9005 | E13: Aktif | F13: KUBUNG | G13: 1.19 | H13: Perkiraan dari lokasi rumah (GPS), bukan penugasan resmi.
A14: 10 | B14: Nisa Anggraini | C14: - | D14: - | E14: Aktif | F14: PANTAI CERMIN | G14: 2.69 | H14: Perkiraan dari lokasi rumah (GPS), bukan penugasan resmi.
A15: 11 | B15: Anggi Mardianto | C15: - | D15: - | E15: Aktif | F15: (belum ada titik lokasi) | H15: Lokasi rumah belum tercatat -- belum pernah login di tab Penyisiran Usaha/Perencanaan Lapangan.
A16: 12 | B16: Anggun Permata Munef | C16: - | D16: - | E16: Aktif | F16: (belum ada titik lokasi) | H16: Lokasi rumah belum tercatat -- belum pernah login di tab Penyisiran Usaha/Perencanaan Lapangan.
A17: 13 | B17: Aprila Insan Suci | C17: 130322090030 | D17: +62 852-7481-2636 | E17: Aktif | F17: (belum ada titik lokasi) | H17: Lokasi rumah belum tercatat -- belum pernah login di tab Penyisiran Usaha/Perencanaan Lapangan.
A18: 14 | B18: Arini Alva Syaadah | C18: - | D18: - | E18: Aktif | F18: (belum ada titik lokasi) | H18: Lokasi rumah belum tercatat -- belum pernah login di tab Penyisiran Usaha/Perencanaan Lapangan.
A19: 15 | B19: Bambang Suryanggono | C19: - | D19: - | E19: Aktif | F19: (belum ada titik lokasi) | H19: Lokasi rumah belum tercatat -- belum pernah login di tab Penyisiran Usaha/Perencanaan Lapangan.
A20: 16 | B20: Deswaty | C20: - | D20: - | E20: Aktif | F20: (belum ada titik lokasi) | H20: Lokasi rumah belum tercatat -- belum pernah login di tab Penyisiran Usaha/Perencanaan Lapangan.
A21: 17 | B21: Dina Marizka | C21: - | D21: - | E21: Aktif | F21: (belum ada titik lokasi) | H21: Lokasi rumah belum tercatat -- belum pernah login di tab Penyisiran Usaha/Perencanaan Lapangan.
A22: 18 | B22: Fadhil Ananda | C22: 130326050052 | D22: +62 851-6574-3358 | E22: Aktif | F22: (belum ada titik lokasi) | H22: Lokasi rumah belum tercatat -- belum pernah login di tab Penyisiran Usaha/Perencanaan Lapangan.
A23: 19 | B23: Faisal Siddiq | C23: - | D23: - | E23: Aktif | F23: (belum ada titik lokasi) | H23: Lokasi rumah belum tercatat -- belum pernah login di tab Penyisiran Usaha/Perencanaan Lapangan.
A24: 20 | B24: Hanifah Turahmi | C24: - | D24: - | E24: Aktif | F24: (belum ada titik lokasi) | H24: Lokasi rumah belum tercatat -- belum pernah login di tab Penyisiran Usaha/Perencanaan Lapangan.
A25: 21 | B25: Irfan Salti | C25: 130322020016 | D25: +62 852-6396-9014 | E25: Aktif | F25: (belum ada titik lokasi) | H25: Lokasi rumah belum tercatat -- belum pernah login di tab Penyisiran Usaha/Perencanaan Lapangan.
A26: 22 | B26: Mailani Putri | C26: - | D26: - | E26: Aktif | F26: (belum ada titik lokasi) | H26: Lokasi rumah belum tercatat -- belum pernah login di tab Penyisiran Usaha/Perencanaan Lapangan.
... A79: 75 | B79: Yulia Hamdany | C79: 130322100029 | D79: +62 813-9807-5858 | E79: Nonaktif | F79: (belum ada titik lokasi) | H79: Lokasi rumah belum tercatat -- belum pernah login di tab Penyisiran Usaha/Perencanaan Lapangan.
